Date,Lo 10,Dec-02,Dec-03,Dec-04,Dec-05,Dec-06,Dec-07,Dec-08,Dec-09,Hi 10
192607,4.63,1.22,11.38,1.68,1.5,2.12,2.4,2.45,0.63,0.52
192608,0.15,2.19,6.39,2.38,1.58,2.62,4.77,4.17,8.31,3.92
192609,-0.11,-2.32,6.3,0.73,-0.89,0.4,-0.28,0.04,-2.16,0.44
192610,-3.78,-1.67,-5.01,-1.41,-2.31,-2.07,-4.77,-2.84,-5.46,-1.17
192611,6.03,1.51,1.1,3.63,1.97,1.81,4.2,3.39,2.77,1.76
192612,1.31,2.22,5.68,1.69,0.66,3.15,6.16,2.96,1.38,3.81
192701,-0.55,-0.1,-0.11,0.71,-1.65,0.87,-0.14,2.66,4.69,7.51
192702,4.45,2.65,7.57,3.22,3.77,2.94,5.24,6.14,8.06,12.04
192703,0.71,-0.46,3.13,0.38,-1.78,1.11,1.26,-3.53,-3.04,0.67
192704,3.94,-0.42,4.34,-1.65,-1.11,0.3,0.36,-0.98,2.22,0.66
192705,5.74,5.31,5.11,4.71,5.21,5.3,5.32,7.99,8.07,10.85
192706,0.92,-1.21,-3,-3.18,-2.65,-2.7,-2.5,-2.63,-2.13,-2.83
192707,11.47,8.89,6.67,4.56,5.74,7.82,8.85,6.62,7.49,6.09
192708,6.61,2.96,1.34,1.94,1.37,-0.48,1.27,-1.6,0.37,-3.89
192709,7.44,3,4.24,2.96,6.35,3.79,3.22,4.49,5.85,6.67
192710,-3.97,-4.94,-1.92,-2.69,-3.96,-3.29,-7.13,-4.3,-11.51,-9.71
192711,7.43,6.72,7.1,6.76,6.32,6.47,7.91,6.35,8.51,9.7
192712,3.29,1.39,2.43,1.34,1.85,1.81,2.63,2.16,6.3,4.68
192801,-1.45,0.7,0.38,-0.37,-0.85,0.54,-0.06,-1.16,-0.63,-3.43
192802,-0.11,-2.06,-0.82,-0.59,-0.75,-0.93,-2.61,-1.74,-5.27,-5.55
192803,17.25,11.7,6.22,5.85,7.29,5.7,5.59,6.05,12.95,11.19
192804,0.95,4.17,5,10.74,8.46,2.69,2.07,4.79,4.61,9.91
192805,3.89,-0.49,3.12,-0.49,-0.47,0.52,1,1.68,-0.87,0.48
192806,-3.58,-3.71,-3.92,-4.39,-3.84,-3.89,-5.74,-4.79,-8.39,-5.84
192807,0.82,3.32,0.72,-0.52,-0.41,0.65,0.7,0.49,0.53,0.04
192808,8.1,10.38,8.56,5.74,7.5,4.35,4.15,6.25,5.55,7.71
192809,3.18,2.59,3.03,1.51,3.5,1.95,1.16,2.78,7.95,4.65
192810,1.43,2.04,1.11,3.22,1.24,0.96,-0.41,2.72,2.92,-3.8
192811,10.7,13.35,9.9,11.26,18.84,13.14,8.38,11,16.13,11.97
192812,0.83,0.83,1.35,1.44,0.4,-1.58,0.48,1.91,-0.67,-0.31
192901,6.41,5.81,6.87,10.28,2.63,1.79,4.22,3.28,0.01,4.82
192902,-0.42,-1.86,0.45,1.46,1.37,0.49,-0.49,2.74,2.57,1.37
192903,-0.15,-2.41,-4.35,1.92,3.24,2.41,-1.19,-0.3,-1.2,-3.35
192904,1.63,3.56,2.31,2.28,0.69,1.04,-0.3,2.27,3.15,0.31
192905,-7.34,-1.68,-5.77,-7.69,-3.46,-3.38,-0.17,-9.18,-3.68,-9.55
192906,10.14,16.34,14.29,12.09,12.29,5.82,7.4,8.59,5.11,7.19
192907,2.05,4.41,5.76,5.73,5.85,3.75,8.22,4.39,6.07,3.2
192908,6.01,7.02,9.56,11.61,10.96,11.96,13.79,7.14,5.36,0.76
192909,-6.46,-2.95,-1.59,-5.21,-4.06,-3.96,-6.9,-6.09,-5.99,-5.18
192910,-25.66,-23.87,-21.39,-19.42,-14.95,-11.9,-11.71,-11.04,-11.56,-18.06
192911,-13.8,-12.43,-16.8,-15.49,-10.68,-8.13,-10.41,-8.05,-8.32,-14.98
192912,2.77,5.1,2.65,1.56,-0.75,0.9,0.73,-0.06,1.73,8.77
193001,7.71,5.58,7.56,7.93,1.36,1.97,5.51,3.92,2.41,5.67
193002,2.43,3.95,4.91,4.75,2.64,-1.57,2.15,0.14,4.37,0.38
193003,6.83,6.53,7.17,4.96,9.52,12.41,5.79,5.9,5.93,7.91
193004,-2.24,1.41,-6.3,0.74,-1.88,0.65,-5.39,-6.57,-5.03,-10.05
193005,0.67,-0.09,1.31,-3.09,-2.32,-2.22,-1.63,-1.35,-1.94,-2.25
193006,-18.59,-16.72,-17.47,-16.05,-12.42,-15.68,-9.97,-11.75,-12.75,-22.19
193007,5.1,5.38,3.49,5.13,3.57,3.47,-0.44,5.47,3.6,-1.33
193008,1.95,0.23,0.08,-1.62,0.31,-0.83,-2.62,-1.27,-4.61,0.25
193009,-12.88,-12.25,-11.77,-12.81,-9.92,-10.86,-12.14,-16.17,-21.93,-20.89
193010,-10.85,-8.97,-7.27,-7.2,-6.19,-9.95,-8.93,-10.66,-14.09,-12.09
193011,-4.5,1.14,-1.67,-0.12,-4.48,-4.43,-4.19,-6.37,-3.47,-4.51
193012,-5.55,-5.63,-7.48,-10,-6.89,-11.91,-13.35,-9.19,-19.53,-15.09
193101,3.73,6,4.41,6.43,6.56,11.02,14.71,12.95,16.57,20.21
193102,13.79,13.98,9.02,10.65,5.08,9.22,3.79,11.45,22.05,11.43
193103,-3.87,-3.76,-7.23,-9.88,-9.13,-8.53,-10.98,-9.06,-5.63,-9.57
193104,-9.87,-8.47,-7.98,-10.71,-11.03,-12.75,-12.26,-12.1,-14.48,-17.14
193105,-10.81,-12.75,-10.63,-13.29,-17.49,-15.72,-18.45,-19.17,-20.14,-14.18
193106,13,12.72,13.35,15.18,14.47,16.99,21.09,24.12,23.56,27.57
193107,-5.17,-5.62,-4.58,-9.46,-8.1,-13.46,-10.51,-11.04,-9.63,-5.22
193108,-0.76,1.38,4.63,-2.97,-0.54,-0.76,-0.69,-1.97,1.47,-6.88
193109,-30.65,-27.01,-27.15,-22.79,-29,-33.71,-33.91,-32.21,-38.88,-34.68
193110,9.92,8.25,10.45,2.55,3.05,3.81,6.88,8.36,13.01,5.08
193111,-5.6,-6.4,-7.02,-15.14,-18.27,-14.66,-17.4,-14.55,-10.78,-9.03
193112,-10.49,-10.8,-15.42,-17.39,-15.45,-23.2,-21.99,-19.38,-23.15,-26.71
193201,-4.15,-2.84,-2.37,0.6,-2.09,7.69,6.61,7.85,5.75,18.33
193202,5.26,9.79,7.22,2.74,2.27,1.65,-1.76,-0.8,3.74,-0.64
193203,-10.95,-10.91,-7.24,-16.32,-6.66,-21.05,-16.95,-16.21,-8.13,-14.12
193204,-20.47,-14.36,-18.47,-22.41,-17.73,-18.36,-18.79,-16.85,-17.59,-23.12
193205,-22,-18.28,-14.31,-23.9,-23.88,-32.47,-27.03,-24.38,-19.58,-17.91
193206,-1.4,-4.78,2.51,-4.67,1.1,4.51,10.16,5.58,7.82,-1.43
193207,30.12,23.02,34.56,42.63,46.49,48.82,55.68,63.34,73.81,74.66
193208,30.7,31.44,32.8,52.75,41.55,62.33,54.27,60.03,72.6,98.65
193209,0.99,-0.13,-6.85,-4.62,-10.11,-5.03,-3.58,-6.25,-4.89,-12.24
193210,-12.96,-9.53,-8.41,-20.69,-12.53,-21.08,-18.34,-22.6,-24.73,-25.76
193211,-3.36,-2.8,-1.18,-6.71,-9.42,-10.96,-7.68,-13.8,-18.33,-19.65
193212,7.9,6.12,5.76,6.1,2.78,-0.34,-5.91,-6.09,-3.74,-9.32
193301,-0.21,-0.21,0.87,-1.1,0.65,10.04,1.9,8,9.41,17.28
193302,-16.02,-13.18,-16.13,-20.69,-13.6,-17.63,-16.74,-16.41,-21.2,-21.72
193303,3.81,-3.65,4.16,16.09,7.08,8.12,10.17,7.2,10.92,13.78
193304,42.16,21.93,37.78,57.79,47.09,50.63,57.08,56.18,57.11,62.2
193305,17.94,17.66,14.99,29.31,27.6,23.6,35.31,44.45,52.73,62.79
193306,11.74,10.95,12.04,15.33,13.76,17.41,18.32,21.44,20.11,22.14
193307,-8.86,-8.35,-10.17,-14.3,-14.72,-8.62,-12.8,-9.06,-12.82,0.98
193308,8.56,9.63,15.75,18.37,14.62,16.05,11.84,16,21.91,12.32
193309,-8.76,-10.25,-7.21,-9.13,-10.8,-15.99,-16.14,-15.14,-22.64,-29.58
193310,-6.79,-6.58,-4.51,-7.25,-9.93,-12.46,-15.58,-17.1,-18.11,-15.72
193311,7.26,11.07,9.84,10.61,15,7.97,11.65,13.81,9.9,7.04
193312,-0.89,3.41,3.26,-1.04,0.95,4.17,6.71,0.47,7.44,3.77
193401,12.09,9.08,9.13,14.57,16.45,22.02,19.67,19.11,30.15,47.29
193402,-4.59,-1.14,-2.15,-2.34,-4.2,-1.86,-1.99,-4.08,-1.04,-0.06
193403,1.38,-0.56,-0.36,2.12,-0.97,-0.4,-0.84,-0.54,-1.42,1.52
193404,-0.56,-2.7,-1.19,-0.31,-2.35,-1.09,-6.22,-3.11,-5.07,-5.97
193405,-5.29,-7.05,-6.48,-8.22,-6.2,-10.02,-12.59,-11.17,-16.37,-14.06
193406,1.91,2.59,3.64,1.32,2.69,2.19,3.31,3.43,1.63,-2.48
193407,-7.44,-8.4,-10.19,-7.38,-13.57,-16.8,-20.84,-17.75,-29.76,-30.03
193408,5.89,5.17,7.28,3.94,3.58,7.39,6.37,4.27,7.78,13.1
193409,0.09,-0.41,-0.81,0.39,-0.42,-0.96,-0.75,-1.7,0.3,1.9
193410,0.22,1.46,-3.03,-0.31,-6.07,-1.56,-6.48,-6.55,-7.22,-7.75
193411,10.55,11.34,9.04,2.67,7.52,7.71,8.88,15.52,6.4,2.89
193412,-0.04,3.66,0.09,1.14,-1.71,2.09,2.13,-0.17,-4.01,-3.34
193501,-2.95,-0.57,-5.3,-2.32,-2.49,-3.04,-7.35,-6.73,-12.03,-8.39
193502,-0.13,1.04,-4.1,0.48,-3.8,-2.56,-6.45,-10.19,-15.35,-13.15
193503,-3.78,-3.12,-1.26,-3.54,-2.08,-2.7,-10.4,-7.56,-7.74,-12.92
193504,6.66,7.67,11.1,9.6,9,11.27,11.46,12.47,13.65,11.78
193505,2.56,2.37,4.74,4.95,2.38,6.33,1.54,3,5.19,3.54
193506,6.58,6.57,5.81,6.1,2.9,7.7,7.38,5.59,10.57,6.21
193507,5.53,9.34,4.8,7.3,5.17,6.33,8.37,21.93,16.12,6.81
193508,2.89,2.28,2.53,1.06,2.3,2.45,4.9,1.81,7.07,8.55
193509,3.93,6.54,1.42,-0.63,2.45,0.22,0.39,3.8,-0.36,-1.52
193510,4.52,8.48,7.53,8.86,4.82,12.09,9.82,5.47,6.73,6.3
193511,2.6,3.03,4.68,5.5,7.26,2.97,5.99,9.99,15.56,25.75
193512,3.55,2.35,3.5,4.74,3.58,12.03,6.91,7.37,9.97,3.48
193601,3,3.8,3.12,8.07,6.6,12.32,14.46,9.34,15.37,18.68
193602,1.14,2.79,1.53,1.65,4.49,3.74,1.11,11.04,4.03,6.44
193603,0.73,5.45,-0.71,2.22,-1.9,-0.77,2.07,2.35,-1.87,-4.01
193604,-6.13,-7.9,-8.36,-8.61,-7.2,-8.73,-10.95,-11.01,-10.59,-12.33
193605,5.28,5.52,2.82,5.08,4.89,4.79,6,5.5,5.97,11.63
193606,2.8,4.72,2.07,0.98,2.37,2.23,2.84,-0.58,0.81,-0.43
193607,8.27,1.78,5.18,7.13,5.01,7.61,7.31,13.16,9.72,13.88
193608,-0.46,1.23,1.7,0.58,0.83,0.87,1.17,4.37,3.65,6.5
193609,0.6,0.81,2.58,0.81,0.87,1.57,2.75,1.08,-0.1,2.59
193610,7.13,5.35,5.19,4.23,7.07,14.75,10.12,11.31,6.04,2.72
193611,2.29,5.7,4.47,3.23,3.36,2.85,4.85,1.02,0.96,-1.9
193612,-2.03,-2.21,0.32,0.07,0.3,4.74,7.89,1.89,1.62,1.26
193701,5.09,1.17,2.84,4.69,-0.11,1.66,3.75,3.77,11.23,6.36
193702,-0.04,-0.58,0.32,1.25,-1.06,4.42,0.3,4.24,8.76,13.28
193703,-2.37,-1.31,-0.12,-3.23,-1.43,3.45,0.67,3.64,6.5,12.26
193704,-6.95,-7.04,-6.35,-6.06,-5.3,-9.02,-5.44,-11.25,-11.33,-9.19
193705,0.47,0.67,-1.52,-2.86,0.36,-0.82,-1.36,-3.39,-1.83,-5.9
193706,-4.94,-3.45,-2.72,-3.87,-2.12,-3.63,-3.3,-6.58,-6.36,-17.61
193707,7.51,10.06,11.56,9.61,8.24,6.15,9.41,11.31,11.46,8.6
193708,-3.85,-2.26,-8.41,-3.76,-6.21,-3.99,-4.35,-7.26,-6.81,-10.84
193709,-12.5,-11.65,-14.52,-16.97,-14.69,-7.12,-15.58,-17.57,-20.28,-23.08
193710,-9.92,-10.51,-10.18,-8.51,-7.62,-6.54,-9.22,-10.68,-15.63,-19.44
193711,-7.67,-10.07,-8.93,-9.56,-10.27,-5.59,-6.91,-7.52,-8.53,-11.33
193712,-1.58,-6.5,-6.6,-3.76,-2.32,-2.48,-5.18,-7.61,-4.18,-15.59
193801,-0.08,3.8,0.36,0.98,1.87,-2.38,0.69,1.09,-1.29,-2.12
193802,5.95,6.31,7.79,7.05,8.7,1.76,6.32,5.96,4.2,12.2
193803,-23.64,-23.06,-24.88,-23.4,-25.01,-19.6,-24.7,-27.4,-29.49,-43.98
193804,11.36,16.14,15.94,14.43,15.84,13.4,15.75,19.62,11.53,20.56
193805,-2.97,-4.21,-4.06,-6.61,-4,-1.01,-6.2,-6.75,-5.48,-4.71
193806,26.97,24.15,26.6,27.4,22.42,16.73,22.21,26.17,31.93,38.16
193807,6.06,11.03,4.35,7.97,7.98,7.27,7.22,7.2,11.16,16.9
193808,-0.78,1.2,-1.67,-6.7,-4.89,-6.15,-5.69,-3.25,-8.32,-8.06
193809,1.63,0.55,1.58,1.13,-0.57,0.54,0.24,0.27,-1.62,-4.93
193810,6.72,7.89,6.66,4.7,9.14,4.31,15.56,10.15,19.61,18.08
193811,-1.25,-2.02,-0.41,-0.69,-3.27,-2.55,-3.15,-2.73,-2.94,-5.77
193812,4.4,2.28,3.05,5.63,4.65,2.72,3.43,5.2,9.71,11.57
193901,-5.43,-6.75,-3.66,-6.7,-5.11,-6.73,-6.98,-9.28,-11.45,-14.26
193902,2.21,3.85,4.52,1.51,4.65,2.27,5.9,6.28,7.1,7.78
193903,-8.79,-14.32,-7.51,-12.05,-14.97,-11.69,-18.77,-17.57,-23.72,-28.67
193904,-0.84,0.09,0.59,0.12,0.01,-0.47,-0.12,-4.12,-1.19,-0.02
193905,6.75,7.56,6.7,5.54,7.06,3.77,6.71,8.47,10.21,10.31
193906,-3.63,-5.48,-4.57,-7.1,-5.69,-5.16,-8.52,-8.93,-12.94,-14.98
193907,9.91,13.32,11.91,7.57,8.7,10.52,10.39,9.18,15.89,20.49
193908,-5.01,-7.49,-8.27,-4.78,-7.03,-8.05,-7.31,-7.46,-11.86,-18.04
193909,10.59,17.03,17.89,10.76,16.9,19.99,32.41,30.33,46.65,67.81
193910,0.63,-0.79,0.04,0.12,0.19,-1.19,-3.08,-3.24,-4.25,-6.96
193911,-1.77,-3.27,-4.29,-1.65,-4.48,-3.51,-7.92,-6.57,-10.44,-17.5
193912,3.87,3.46,3.14,2.32,3.73,3.38,0.94,0.25,1.89,0.5
194001,-2.23,-2,-2.51,-1.48,-2.56,-1.39,-5.01,-2.86,-4.61,-8.97
194002,0.77,1.26,2.94,1.35,0.82,1.54,2.24,1.76,1.94,1.59
194003,2.48,2.91,1.29,0.91,1.97,1.95,2.17,2.75,2.49,0.71
194004,0.37,-0.37,-0.47,-0.15,0.56,1.39,0.19,2.13,0.94,-1.62
194005,-19.83,-24.98,-23.43,-18.97,-22.82,-24.07,-22.42,-22.85,-25.75,-35.42
194006,3.47,6.84,5.65,7.86,10.88,9.14,5.78,4.87,14.99,14.28
194007,3.45,5.11,2.14,2.54,3.27,4.05,3.44,3.72,3.27,2.17
194008,2.96,2.69,0.48,2.26,0.44,4.87,2.05,3.56,2.22,4.13
194009,3.56,3.38,2.35,2.91,0.56,0.7,0.67,0.62,2.62,3.03
194010,-0.16,1.98,2.2,4.3,5.76,6.99,9.72,6.52,11.08,5.86
194011,-2.52,-2.59,-0.21,-1.69,-0.91,-0.46,-1.3,3.28,-4.42,-4.43
194012,0.55,-0.51,1.39,1.03,0.56,-1,1.78,-0.85,1.81,-1.66
194101,-6.3,-4.48,-3.22,-4.97,-2.84,-3.19,-3.59,-2.33,-1.82,2.53
194102,-1.8,-0.9,-1.79,-1.56,-0.95,-2.18,-1.89,-1,-0.02,-1.37
194103,0.45,0.65,0.63,0.87,2.15,0.2,0.8,2.73,3,6.22
194104,-6.29,-6.87,-6.63,-5.89,-3.5,-5.6,-3.99,-2.81,-2.64,-1.4
194105,1.49,0.48,0.39,2.68,2.93,1.13,2.29,3.74,0.5,1.16
194106,6.64,5.97,5.43,5.13,6.45,5.7,5.24,3.33,4.12,4.48
194107,4.3,5.21,2.24,6.58,8.58,8.2,11.29,8.61,15.51,20.05
194108,0.94,0.42,0.34,-0.35,-0.48,-2.42,-0.04,-1.95,-0.99,-2.95
194109,-0.05,0.65,-0.53,-1.91,-2.15,-2.96,-1.32,-1.48,0.43,-4.45
194110,-6.95,-5.79,-4.88,-4.74,-4.21,-1.63,-3.14,-2.31,-3.26,-6.76
194111,-1.61,-2.27,-3.27,-1.37,-1.57,1.4,-2.24,-1.21,-1.58,-5.12
194112,-3.1,-4.58,-7.35,-0.55,-6.42,-3.2,-7.08,-10.05,-10.21,-8.55
194201,-3.95,0.45,0.89,0.26,3.96,-1.6,2.96,10.1,8.39,18.68
194202,-2.88,-1.54,-1.71,-2.48,-2.71,-3.57,-1.57,-2.75,-4.81,1.94
194203,-5.91,-4.4,-6.57,-7.27,-8.51,-7.31,-5.71,-5.9,-5.33,-7.17
194204,-3.01,-5.33,-6.75,-5.63,-2.87,-4.52,-4.52,-3.19,-2.55,-2.52
194205,7.59,8.07,6.35,5.05,4.23,5.64,3.57,1.56,1.04,-2.46
194206,4.43,4.22,-0.23,3.5,2.64,1.31,2.77,2.76,2.76,2.53
194207,1.89,2.7,3.91,4.89,2.93,4.17,4.54,6.81,3.36,11.84
194208,0.99,2.13,2.42,1.28,0.74,2.3,3.28,3.65,5.91,2.47
194209,3.37,2.12,1.95,3.9,2.05,1.76,2.42,2.77,2.39,8.83
194210,5.29,5.3,5.47,5.72,7.92,10.51,9.78,11.17,13.52,14.72
194211,1.39,0.17,1.33,2.14,0.55,-0.72,-3.22,-3.78,-2.1,-7.71
194212,5.29,6.9,2.67,5.79,5.87,5.55,5.98,6.42,3.22,4.85
194301,5.86,5.18,5.02,7.23,9.93,8.03,9.25,9.22,16.32,15.56
194302,2.95,5.27,7.39,4.77,7.62,8.86,9.64,10.56,13.18,15.97
194303,3.44,5.55,4.28,6.24,9.06,7.33,8,10.49,11.74,15.13
194304,-0.56,-0.62,0.9,1.22,0.91,1.48,1.81,0.15,4.3,11.01
194305,5.04,5.59,4.73,4.9,7.56,6.43,5.82,7.61,7.88,10.49
194306,0.89,3.89,2.4,3.79,0.19,0.65,1.2,0.83,3.47,-4.16
194307,-5.47,-5.34,-3.47,-4.01,-1.86,-4.9,-6.38,-4.8,-5.53,-10.24
194308,1.24,2.25,1.47,1.23,1.27,1.33,0.92,0.32,0.74,-0.25
194309,2.3,2.58,1.91,2.07,2.74,2.7,4.05,2.26,3.41,5.29
194310,-1.92,-1.29,-0.79,-1.9,-0.11,-2.37,0.83,0.96,-0.51,-0.3
194311,-4.47,-6.76,-4.35,-5.04,-6.51,-7.39,-8.94,-7.17,-11.47,-15.56
194312,4.96,7.26,6.04,6.37,6.23,8.83,8.76,6.24,10.42,12.24
194401,0.43,2.15,0.95,1.5,1.77,3.46,1.05,3.57,5.34,9.35
194402,0.27,0.16,-0.24,0.8,1.42,-0.68,1.2,0.46,3.81,6.17
194403,2.75,1.94,1.55,2.74,1.48,3.45,3.84,3.28,4.99,5.83
194404,-1.3,-1.66,-1.44,-1.82,-1.94,-2.35,-1.8,-1.36,-1.35,-4.63
194405,4.55,4.28,4.91,4.64,4.85,5.61,6.33,4.37,8.1,7.61
194406,5.4,6.43,3.8,5.92,4.95,4.07,7.6,7.35,9.23,8.22
194407,-2.13,-0.77,-1.29,-1.69,-1.39,-0.81,-1.45,-1.27,-1.7,1.33
194408,1.64,1.87,0.79,0.59,2.42,2.41,1.73,2.5,1.35,-1.09
194409,0.44,0.51,0.13,-0.97,0.28,-0.75,1.2,-0.74,0.3,-0.5
194410,-0.17,-0.74,0.59,1.01,0.96,0.6,0.33,-0.79,0.43,-0.24
194411,1.13,1.05,1.28,2.32,1.84,2.68,2.64,3.08,2.55,5.03
194412,2.12,3.08,3.05,4.12,5.52,4.98,4.76,5.68,8.96,18.63
194501,1.08,1.88,-0.14,2.78,2.67,4.25,4.12,6.17,4.04,-1.41
194502,5.48,5.32,4.6,6.3,6.56,5.52,7.13,9.43,9.32,12.59
194503,-3.8,-4.04,-1.68,-4.61,-3.91,-4.53,-5.37,-5.74,-4.58,-4.49
194504,7.44,7.89,4.91,8.5,8.04,7.61,7.81,9.04,9.64,15.52
194505,0.82,3.89,2.87,0.8,1.67,1.33,1.02,0.49,1.9,3.55
194506,-1.83,-1.44,0.39,0.16,0.69,1.32,2.53,1.57,2.42,10.26
194507,-1.1,-2.31,-1.67,-0.2,-3.74,-2.03,-2.13,-3.3,-3.33,-7.16
194508,7.95,10.35,8.18,4.26,5.38,4.67,3.35,4.52,4.18,0.26
194509,5.17,4.74,2.86,3.88,4.07,4.72,7.55,4.22,5.35,8.18
194510,2.47,2.57,2.59,3.64,6.22,4.95,6.06,7.39,4.93,5.1
194511,2.18,4.89,3.93,5.96,5.61,6.03,9.25,6.43,8.02,13.84
194512,1.91,1.84,1.81,0.86,2.3,0.59,1.23,0.69,0.01,-1.23
194601,5.77,6.93,6.91,4.45,5.26,4.94,5.14,8.27,9.04,9.64
194602,-5.29,-7.01,-6.3,-3.84,-5.13,-5.41,-5.98,-7.65,-6.79,-8.86
194603,4.82,5.7,5.87,5.01,8.43,7.86,7.94,6.73,4.82,3.18
194604,3.59,4.09,4.03,4.44,6.29,5.24,6.91,4.09,3.24,1.19
194605,3.09,2.78,4.9,4.08,3.23,2.11,5.06,6.47,3.61,10.86
194606,-4.13,-5.27,-4.26,-2.81,-1.78,-2.42,-6.31,-5.29,-3.58,-3.77
194607,-2.26,-2.77,-4.06,-3.61,-4.04,-1.36,-2.05,-1.45,-0.84,-6.75
194608,-6.06,-6.36,-7.28,-6.35,-6.62,-6.91,-5.83,-4.41,-6.53,-8.51
194609,-9.67,-10.81,-9.2,-10.09,-10.47,-7.25,-8.76,-9.12,-10.51,-18.98
194610,-3.75,-1.24,-2.61,-2.07,-1.45,-3.9,0.27,-0.45,-0.04,2.81
194611,1.02,-1.22,-1.08,1.04,-2.61,2.1,0.74,0.09,0.02,-0.19
194612,5.11,5.94,4.49,7.49,5.83,4.08,4.46,4.41,3.99,3.36
194701,-0.15,4.13,3.57,-2.43,2.04,1.26,-1.29,2.47,1.96,1.85
194702,-0.74,1.28,-1.03,-0.23,-1.06,-1.66,-1.65,-1.21,-1.31,-2.14
194703,-1.95,-1.43,-2.58,-1.79,-2.41,-2.27,0.6,-0.69,-0.61,-4.63
194704,-5.83,-4.6,-5.88,-5.88,-6.27,-2.44,-3.19,-5.14,-3.89,-6.95
194705,-1.28,-1.4,-1.25,-1.11,-1.52,-1.7,2.33,-1.94,-1.84,-3.39
194706,7.07,5.25,7.16,6.59,7.66,-1.02,6.77,4.3,4.54,5.2
194707,3.12,4.16,3.67,4.22,3.57,3.47,3.66,5.73,6.72,9.37
194708,-1.83,-1.47,-2.69,-0.81,-0.37,-2.68,-1.66,-0.27,-1.85,-3.63
194709,-0.41,-0.72,-1.05,-0.4,-0.04,-1.55,0.31,0.38,-0.06,0.54
194710,1.33,3.08,3.25,4.41,1.52,3.74,2.28,3.99,4.28,0.18
194711,-1.39,-2.62,-3.36,-1.04,-1.97,-1.19,-2.78,-1.67,-1.72,-2.34
194712,1.97,1.77,2.23,4.35,1.95,4.2,2.35,4.9,4.52,9.49
194801,-4.68,-4.62,-3.4,-4.56,-1.88,-5.85,-2.37,-3.05,-4,-1.01
194802,-4.9,-4.49,-4.59,-5.55,-2.44,-3.7,-4.57,-5.86,-4.28,-5.06
194803,7.43,7.45,9.23,10.21,5.21,8.09,8.44,11.24,11.26,11.01
194804,2.12,2.61,1.84,3.9,3.57,5.8,2.6,5.33,7.41,6.71
194805,7.8,9.13,9.31,8.98,4.99,6.57,6.28,7.87,7.77,7.74
194806,-0.47,-0.8,-1.13,-0.46,0.53,0.78,-0.83,-0.62,2.5,1.46
194807,-5.03,-5.42,-4.24,-7.1,-3.4,-5.37,-6.55,-3.8,-5.68,-3.58
194808,0.2,1.8,0.35,-0.68,0.08,0.15,-0.7,-0.12,0.39,1.31
194809,-2.13,-3.21,-3.24,-3.75,-1.38,-1.97,-4.47,-4.03,-3.78,-4.05
194810,5.73,6.77,6.95,8.11,4.1,5.53,5.58,6.09,6.85,5.28
194811,-7.42,-9.58,-8.42,-10.25,-6.2,-9.65,-12.24,-11.86,-12.95,-15.64
194812,5.73,4.23,3.72,2.97,2.68,2.07,1.83,2.14,2.54,1.14
194901,0.41,1.34,-0.34,-1.91,-1.75,1.55,1.15,0.84,1.99,1.69
194902,-2.31,-2.85,-2.73,-4.22,-2.02,-2.13,-3.01,-2.29,-4.67,-5.97
194903,5.13,3.41,3.97,3.82,2.45,4.11,5.89,5.49,4.73,6.38
194904,-1.97,-2.05,-2.3,0.26,-1.38,-1.18,-1.2,-2.41,-2.42,-3.54
194905,-1.76,-2.24,-1.78,-4,-2.3,-2.16,-5.31,-4.55,-5.83,-5.43
194906,0.49,1.76,0.97,-1.05,1.3,-0.95,1.1,-1.45,-2.38,-3.25
194907,5.18,6.54,4.08,6.3,4.63,7.06,5.11,6.6,7.11,6.05
194908,3.18,2.36,2.48,2.86,2.8,3.95,1.34,2.78,2.7,2.45
194909,3.65,2.17,1.91,3.43,3.61,4.03,3.85,3.98,2.86,6.09
194910,3.36,3.95,2.54,3.69,2.7,3.14,2.07,4.04,3.8,2.11
194911,3.47,2.56,2.33,-0.28,0.95,0.1,0.81,0.56,2.45,1.21
194912,6.11,5.51,4.06,3.28,4.74,3.75,5.29,5.89,4.32,12.23
195001,1.42,0.36,1.06,1.52,2.86,2.47,2.51,1.41,5.61,6.53
195002,1.73,2.2,0.66,1.49,1.41,1.53,1.74,0.86,1.89,0.45
195003,2.11,1.81,1.79,1.03,0.26,1.53,-0.31,1.41,-2.48,0.44
195004,5.18,5.22,2.21,2.81,3.26,4.54,2.29,5.73,6.91,4.97
195005,4.44,5.27,3.96,5.64,2.85,6.17,3.76,5.8,3.24,1.44
195006,-6.39,-4.79,-4.84,-6.41,-5.79,-6.98,-6.88,-3.23,-8.02,-8.11
195007,-4.41,-2.51,-2.2,0.4,6.41,5.38,10.73,10.26,11.65,17.64
195008,6.76,6.08,4.2,3.7,4.98,4.72,3.8,2.52,4.71,1.11
195009,4.38,6.9,7.43,3.01,3.95,5.96,4.11,4.74,3,6.66
195010,-0.82,1.23,-1.1,0.03,-0.31,-1.94,-0.36,-0.96,4.58,-0.26
195011,4.21,0.5,0.96,2.54,4.09,2.9,4.09,4.41,3.26,6.42
195012,3.98,2.26,3.85,5.48,6.25,7.15,9.5,9.51,8.87,16.26
195101,4.83,5.1,6.38,3.61,6.84,7.21,6.03,6.61,9.27,11.03
195102,2.07,2.89,1.48,1.74,2.92,1.25,0.72,-0.51,-1.5,-1.52
195103,-1.15,0.09,-1.09,-1.55,-3.47,-2.95,-4.38,-4.28,-4.73,-5.8
195104,5.5,3.2,3.49,3.02,9.26,4.52,6.36,5.28,8.57,5.37
195105,-1.47,-3.4,-2.72,-1.18,-2.16,-2.11,-2.65,-1.74,-4.02,-4.48
195106,-1.68,-2.83,-2.67,-1.97,2.6,-3.95,-4.35,-4.61,-6.16,-9.33
195107,7.1,6.98,5.23,5.52,5.21,9.07,9.07,8.33,8.67,10.38
195108,3.2,4.69,6.35,4.22,4.64,4.38,3.91,5.84,6.06,2.27
195109,0.26,1.09,0.89,1.63,0.78,-0.95,1.84,0.51,1.77,3.78
195110,-4.59,-3.13,-2.57,-2.22,-1.02,1.3,-1.1,-0.67,-2.06,-5.29
195111,0.58,0.95,0.98,2.38,0.05,0.5,0.62,0.05,0.31,2.05
195112,5.4,3.41,2.3,2.97,2.87,5.09,2.22,1.69,1.44,0.98
195201,-1.08,1.98,2.09,1.52,1.21,4.49,2.94,4.2,1.97,3.14
195202,-1.76,-2.9,-2.15,-1.9,-2.7,-3.76,-1.65,-3.81,-3.83,-1.55
195203,4.47,4.73,3.3,4.58,3.91,5.12,5.89,5.66,3.35,9.16
195204,-5.01,-4.41,-4.14,-4.04,-3.99,-5.55,-7.16,-6,-6.56,-2.94
195205,4.45,3.21,2.84,2.29,2.19,3.7,3.08,3.3,1.95,4.5
195206,3.85,4.04,3.59,4.08,4.2,4.34,3.23,3.52,4.22,6.27
195207,0.94,2.05,1.05,1.13,0.78,-0.12,0.95,1.78,1.76,0.44
195208,-0.66,-0.7,-1.02,-0.92,0.44,0.02,-1.55,-0.37,-1.15,-0.9
195209,-1.37,-2.04,-1.88,-2.02,-0.71,-2.77,-4.13,-2.6,-2.26,-2.1
195210,-0.85,-0.85,-0.49,0.65,-0.1,-1.58,0.16,-1.22,-0.88,0.11
195211,8.09,4.49,4.31,6.25,4.96,4.16,5.84,7.33,6.4,8.3
195212,3.27,2.66,3.22,3.01,1.88,3.77,4.38,2.28,3.37,4.67
195301,-1.04,-0.15,-0.93,-0.67,1.12,0.22,-0.82,2.21,2.02,1.59
195302,-0.87,0.79,0.34,-0.15,-0.13,-0.11,1.11,-0.01,-0.29,-0.89
195303,-1,-1.85,-1.11,-1.61,-1.03,-1.13,-0.02,-2.83,-2.25,-2.27
195304,-2.48,-3.26,-3.66,-2.88,-2.2,-2.45,-2.64,-1.56,-0.74,-2.77
195305,0.94,0.18,1.36,-0.51,0.57,0.36,1.86,-0.11,0.3,3.7
195306,-1.83,-1.84,-1.47,-1.83,-0.9,-0.98,-2.92,-2.55,-2.01,-2.04
195307,2.43,3.2,3.7,2.58,1.34,2.12,0.82,2.14,1.38,1.69
195308,-3.62,-3.53,-4.92,-3.06,-4.62,-4.58,-6.21,-6.29,-6.28,-10.82
195309,1.02,1.31,0.29,1.09,0.21,-1.27,-1.52,-1.21,-2.25,-2.25
195310,5.46,4.48,4.77,3.7,4.75,5.05,4.74,5.44,2.95,3.86
195311,4.46,2.08,2.21,2.53,2.17,1.83,1.62,3.4,3.87,1.29
195312,0.7,0.52,0.19,0.95,0.36,0,-2.59,0.15,-3.61,-4.92
195401,3.75,3.4,6.73,4.38,6.17,7.78,8.34,7.6,8.24,8.21
195402,1.67,2.07,1.24,2.32,2,2.17,1.18,0.32,0.92,1.78
195403,4.89,3.48,3.54,3.73,3.97,3.09,2.52,2.61,1.02,1.22
195404,6.1,2.77,5.52,3.24,4.37,4.36,0.4,6.18,0.72,0.74
195405,2.93,2.77,2.86,1.8,3.37,2.61,6.61,5.92,7.45,6.12
195406,3.58,1.37,-1.21,-0.14,1.41,-1.3,0.09,2.1,1.33,-0.81
195407,3.46,5.35,5.38,5.19,5.32,5.83,4.66,9.45,8.85,8.46
195408,-3.37,-2.84,-2.09,-0.54,-0.89,-1.38,-1.2,-5.2,-2.07,-3.89
195409,8.01,4.56,6.11,5.6,7.6,8.85,4.71,8.37,4.06,3.99
195410,-2.37,-1.9,-2.17,-1.07,-2.01,-0.33,-0.68,0.43,-1.76,1.05
195411,10.62,8.31,8.09,7.07,9.82,8.82,9.72,16.39,10.93,13.88
195412,4.02,4,5.33,4.01,7.73,7.48,10.31,9.06,13.18,14.94
195501,-0.01,-0.46,0.82,2.05,-1.45,0.44,-0.41,4.96,2.36,1.34
195502,2.78,3.54,3.39,2.34,2.99,3.73,3.97,2.55,3.84,5.38
195503,-0.24,0.17,-0.78,-0.29,0.56,-1.01,-0.12,2.49,2.22,0.66
195504,5.43,2.22,2.41,1.53,2.8,1.76,2.55,5.45,-0.05,4.85
195505,2.71,1.28,0.59,-0.23,0.14,0.81,0.16,-0.44,1.37,0.56
195506,7.99,4.28,4.86,6.43,8.82,8.76,5.32,12.61,4.06,2.42
195507,3.22,-0.63,3.99,1.92,0.15,2.05,-0.36,0.28,1.46,0.22
195508,0.25,2.34,-1.12,1.23,-0.08,-0.75,2.25,1.4,2.83,-0.68
195509,0.55,-1.82,0.54,-1.95,1.21,-0.25,0.42,-1.34,-2.42,-1.87
195510,-3.73,-2.54,-1.06,-2.43,-2.01,-0.93,-2.88,-2.38,-3.08,-3.04
195511,8.52,7.5,8.51,5.15,4.74,3.75,5.91,8.41,9.17,8.39
195512,1.43,2.61,2.68,0.61,3.1,1.8,1.13,-1.15,-0.31,-0.5
195601,-4.27,-4.53,-1.54,-1.55,-3.09,0.23,-2.38,-0.81,-2.04,-4.04
195602,5.23,5.29,3.32,2.91,3.02,2.3,4.01,3.23,3.27,3.07
195603,7.27,5.92,10.45,5.17,6.5,4.67,6.71,3.69,5.15,7.14
195604,-0.92,-0.06,2.29,-0.89,3.79,0.64,1.39,0.79,0.73,0.37
195605,-4.77,-4.57,-6.12,-3.51,-4.23,-4.67,-6.18,-5.16,-6.82,-6.58
195606,5.78,3.8,1.7,2.2,4.86,2.5,3.61,1.87,2.1,0.91
195607,4.45,4.76,7.53,6.33,7.8,2.85,3.86,5.87,3.4,3.16
195608,-2.98,-3.29,-5.39,-2.82,-1.62,-2.19,-2.53,-2.42,-2.34,-4.16
195609,-6.27,-5.75,-4.99,-4.07,-2.6,-3.54,-4.7,-4.15,-2.29,-2.59
195610,0.64,0.8,0.65,0.88,1.48,0.03,0.99,1.22,0.98,1.01
195611,-1.72,2.09,-0.46,1.67,2.68,1.33,5.4,2.04,0.26,-0.29
195612,3.08,4.14,5.68,2.46,4.4,2.85,2.48,1.5,2.21,2.06
195701,-5.55,-2.8,-3.65,-3.49,-4.51,0.55,-3.7,-1.95,0.38,0.51
195702,-1.56,-1.67,-1.29,-1.2,-3.57,-0.44,-4.47,-2.91,-2.43,-3.52
195703,2.06,3.63,2.98,0.98,1.99,2.6,1.66,1.71,1.21,2.6
195704,6.51,3.79,5.85,3.05,4.87,1.82,4.45,3.24,1.05,2.49
195705,4.08,6.34,3.81,2,2.8,2.71,2.29,0.92,1.64,3.47
195706,1.17,-1.29,-1.95,-1.58,0.39,-1.73,-2.14,-1.09,-0.06,0.64
195707,1.51,1.2,0.84,1.2,0.1,0.1,1.55,0.68,1.36,0.81
195708,-5.9,-4.94,-5.08,-4.12,-3.58,-2.22,-4.32,-6.61,-5.15,-5.43
195709,-6.67,-6.81,-5.24,-4.82,-3.71,-4.07,-5.96,-4.77,-5.61,-8.54
195710,-4.05,-3.58,-3.61,-2.74,-4.14,-3.12,-5.71,-6.25,-6.13,-10.69
195711,3.06,2.74,3.51,2.39,2.27,1.51,2.16,1.11,0.38,-2.34
195712,-4.65,-1.85,-4.59,-2.26,-1.52,-1.74,-7.84,-5.84,-3.73,-8.14
195801,3.44,3.18,3.89,6.09,6.92,5.45,8.46,11.43,12.36,12.61
195802,-2.14,-1.6,-1.39,-0.06,-0.27,-0.63,-2.26,-1.89,-0.86,-2.76
195803,2.99,4.14,3.52,2.74,4.97,2.89,1.75,4.13,2.92,2.52
195804,2.39,4.39,4,1.77,3.32,2.73,0.98,4.21,5.63,5.42
195805,2.68,0.75,2.42,3.58,2.96,1.73,3.75,3.69,4.15,3.86
195806,3.3,2.39,3.55,2,3.88,2.32,3.15,2.34,3.4,3.8
195807,5.72,4.16,2.27,3.17,4.16,4.76,5.45,6.27,7.45,9.28
195808,2.15,1.74,0.92,1.31,2.46,2.42,0.92,4.11,3.8,2.19
195809,3.66,5.94,4.87,3.51,4.99,3.3,4.49,6.14,7.9,11.05
195810,2.57,2.26,3.51,2.98,3.11,1.14,2,3.38,4.16,4.2
195811,3.96,2.94,2.96,2.84,2.01,2.13,2.16,5.15,3.31,4.52
195812,7.43,2.47,4.51,5.22,9.14,3.89,2.57,4.14,4.21,3.32
195901,-0.68,-1.17,0.7,2.34,2.9,3.99,3.35,4.42,4.99,4.03
195902,3.73,-2.14,-1.45,3.05,1.26,1.73,1.68,3.66,1.78,1.36
195903,1.87,-0.71,0.9,0.72,-0.92,0.76,1.54,0.29,1.06,-0.13
195904,6.26,4.83,1.2,1.95,3.18,0.93,3.6,3.81,1.18,5.14
195905,3.77,2.12,1.33,-0.75,1.61,0.05,-0.04,2.86,2.03,4.16
195906,-0.99,0.57,-0.54,1.76,-0.13,0.64,-0.95,1.57,2.22,2.6
195907,4.67,2.86,3.48,2.99,1.58,3.42,2.91,3.83,2.12,2.98
195908,-1.66,-0.99,-1.07,-1.4,0.25,-1.73,-3.83,-1.22,-0.6,0.04
195909,-4.72,-4.78,-5.88,-3.14,-2.41,-5.15,-5.63,-5.6,-6.13,-3.21
195910,1.47,1.02,1.9,2.44,1.32,2.71,0.98,1.08,0.95,-1.35
195911,4.57,3.1,-0.19,0.44,-0.36,1.24,-0.78,-0.4,1.12,-0.25
195912,3.31,2.2,2.96,2.53,2.36,2.17,3.28,3.94,3.11,3.81
196001,-9.03,-8.25,-6.27,-6.7,-1.42,-6.71,-5.84,-5.17,-4.56,-5.07
196002,1.94,3.18,-1.54,0.24,4.94,1.17,-1.71,-0.45,-1.12,-0.84
196003,-0.3,-0.81,-2.27,-0.28,-1.01,-2.29,-3.31,-3.23,-5.19,-7.24
196004,-0.9,-1.05,-3.42,-0.75,-1.25,-3.38,-2,-2.63,-3.01,-3.67
196005,5.65,3.48,2.1,2.67,1.66,1.76,-0.04,-0.04,1.29,0.23
196006,2.06,3.52,2.84,1.79,1.36,2.26,3.22,2.77,1.19,3.08
196007,-4.21,-3.46,-1.43,-1.91,0.36,-0.54,-0.22,-1.38,-0.53,-2.89
196008,2.38,3.29,3.27,2.99,4.68,3.34,4.95,3.51,2.97,1.19
196009,-7.18,-6.66,-5.68,-5.02,-4.23,-3.93,-5.18,-5.65,-4.5,-6.67
196010,-1.44,0.77,-0.24,-0.22,0.22,-1.13,-1.02,0.16,0.81,-0.8
196011,5.17,6.57,5.05,5.39,2.86,5.14,5.82,3.46,4.74,2.19
196012,3.12,4.5,3.86,5.71,8.85,6.04,2.76,4.47,3.16,2.38
196101,4.9,3.37,6.69,7.14,7.71,8.53,8.73,9.16,10.76,9.74
196102,3.51,5.09,4.66,5.45,0.89,4.02,4.81,5,3.07,4.56
196103,2.17,2.74,2.01,3.91,4.84,1.77,4.15,2.65,2.11,5.09
196104,-0.23,-1.71,0.94,-0.92,1.99,1.89,-0.35,1.88,4.85,-1.43
196105,2.02,6.54,3,3.57,0.43,1.39,4.74,3.69,2.38,4.04
196106,-1.61,-2.26,-4.24,-3.68,-3.09,-3.07,-3.79,-3.32,-3.17,-4.32
196107,1.8,1.51,5.09,3.38,3.18,3.85,1.81,0.57,0.8,2.66
196108,4.3,3.33,1.89,3.32,2.28,0.17,1.42,1.55,-0.15,5.01
196109,-0.63,-1.94,-1.67,-2.43,-3.07,-3.81,-2.33,-5.35,-4.59,0.03
196110,3.12,4.16,0.62,4.68,2.51,5.06,2.17,4.23,1.31,0.83
196111,3.12,4.86,7.01,4.55,4.51,4.11,2.72,4.7,4.15,3.81
196112,-1.39,-2.54,1.82,-2.73,1.21,2.62,0.79,3.13,0.85,-0.91
196201,-6.58,-3.11,-3.81,-3.02,-4.1,0.82,-0.41,-0.04,0.82,2.15
196202,1.35,3.06,1.98,1.78,2.24,3.04,1.48,3.05,3.36,0.02
196203,0.14,0.12,-1.05,0.08,0.03,-0.9,-0.78,-1.27,-0.6,-3.93
196204,-8.47,-5.4,-5.14,-5.16,-7.15,-4.98,-5.77,-6.5,-6.85,-5.18
196205,-11,-9.4,-7.12,-8.79,-7.72,-4.71,-7.34,-6.1,-8.22,-7.18
196206,-11.07,-8.29,-7.23,-7.9,-8.07,-5.58,-6.1,-6.17,-7.49,-7.03
196207,10.71,5.45,5.66,6.73,5.92,4.03,2.78,3.69,3.12,5.76
196208,2.83,2.98,2.44,2.07,1.66,1.44,0.84,2.37,1.95,3.28
196209,-7,-2.93,-4.01,-5.21,-4.28,-4.35,-6.24,-4.31,-3.75,-6.3
196210,0.09,1.61,-0.26,1.11,0.36,0.13,-0.51,-0.61,-1.07,1.61
196211,13.16,8.72,11.62,8.31,10.09,12.3,12.18,12.27,14.45,15.44
196212,0.94,1.49,2.31,2.2,1.97,1.96,-2.21,0.53,0.78,-0.72
196301,4.44,6.54,4.18,4.39,3.53,4.17,7.47,8.23,7.27,7.51
196302,-3.55,-2.78,-1.29,-1.79,-2.2,-1.42,-1.35,-1.53,-0.29,-0.45
196303,2.54,4.75,3.06,2.56,3.78,3.87,3.58,5.11,4.64,3.81
196304,5.3,3.95,5.64,3.06,4.44,6.5,5.11,4.01,5.73,7.59
196305,2.38,3.98,-0.22,0.03,1.66,2.13,3.52,2.91,2.15,7.65
196306,-3.23,-2.6,-0.13,-1.77,-1.18,-0.89,-3.03,-1.82,0.58,-0.47
196307,-0.68,0.88,-0.2,0.81,0.44,-0.14,0.08,-2.25,-0.48,-3.34
196308,5.95,5.42,4.6,3.88,4.71,5.31,5.8,9.08,5.55,7.62
196309,-1.05,-2.23,-0.08,-2.31,-1.19,-0.75,-1.14,-0.52,-2.79,-2.82
196310,3.58,6.3,1.62,1.62,0.22,1.68,1.36,4,1.24,0.61
196311,0.01,-2.96,1.97,-1.22,-2.25,-0.17,-2.08,-0.42,1.2,0.83
196312,2.58,1.97,1.31,3.48,2.57,0.64,3.42,0.96,1.62,3.53
196401,3.33,2.01,2.4,3.83,2.24,1.11,1.97,3.2,2.45,2.86
196402,2.24,1.31,0.5,1.03,1.77,1.67,3.46,4.72,3.46,6.01
196403,1.11,1.29,0.31,2.23,3.9,4.37,3.07,6.08,1.57,2.27
196404,-1.6,2.08,1.32,1.11,0.84,1.23,1.16,-3.9,0.95,-0.06
196405,2.16,1.66,0.49,0.63,1.45,1.08,2.33,4.27,2.94,4.18
196406,0.6,1.46,3.24,1.81,0.85,0.88,1.14,2.21,1.87,3.22
196407,2.18,3.28,0.5,1.71,2.09,4.6,1.24,3.04,1.53,2.25
196408,-1.33,-1.13,-1.15,-1.66,0.84,-0.64,-0.71,-0.47,-1.29,-3.34
196409,3.38,2.31,0.67,2.74,4.19,4.13,3.76,4.81,5.18,5.94
196410,-0.42,2.55,-0.01,2.62,1.01,0.86,2.21,-0.14,2.57,3.96
196411,0.53,2.16,-0.9,0.8,1.29,0.5,0.49,-2.53,-3.1,-3.42
196412,1.42,-0.71,1.88,0.42,0.46,-2.41,-0.14,-2.55,-0.46,-2.52
196501,5.83,2.54,1.73,1.85,2.74,4.6,4.02,4.58,4.65,6.51
196502,0.5,0.06,1.5,-0.67,1.53,1.11,0.49,1.23,-0.25,2.75
196503,-1.06,-1.63,-0.68,-2.22,-1.47,-0.96,-0.22,0.16,0.52,1.56
196504,5.31,1.95,2.19,2.04,2.06,3.78,3.56,2.26,5.9,2.34
196505,-0.81,-0.48,1,0.29,-0.64,-0.2,0.35,-1.31,-2.73,-2.64
196506,-5.17,-3.4,-4.66,-3.87,-6.81,-5.49,-6.79,-3.8,-6.86,-7.44
196507,2.03,0.61,0.52,0.58,2.05,2.64,4.38,2.17,4.28,6.52
196508,3.61,2.96,1.46,2.07,4.34,3.91,2.37,2.32,3.18,4.15
196509,3.87,3.91,3.43,1.98,2.94,1.63,3.59,3.98,3.15,4.11
196510,3.72,2.09,1.56,0.44,2.55,4.15,4.86,4.76,5.83,6.74
196511,0.11,-0.1,0.29,-1.81,2.29,1.82,1.35,0.26,-0.05,3.7
196512,1.12,1.17,0.15,0.16,0.4,3.14,2.24,4.38,4.14,4.23
196601,0.01,-0.41,0.18,-0.09,0.96,4.17,3.68,4.93,2.87,8.68
196602,-0.57,-2.15,-3.16,-0.7,-0.93,-0.25,0.27,-1.07,0.22,2.53
196603,-1.06,-2.04,-2.22,-3.8,-2.52,-0.72,-2.29,-2.54,-2.17,-6.41
196604,2.27,2.53,3.39,1.34,1.91,1.94,4.5,3.43,1.98,3.07
196605,-4.41,-4.36,-4.38,-4.49,-6.56,-4.87,-7.86,-7.83,-6.69,-10.33
196606,-1.37,-3,-2.23,-0.47,-0.3,-0.04,1.7,0.3,-0.23,-0.43
196607,-1.75,-1.21,-1.95,-1.02,-0.34,-1.43,0.48,-0.5,-0.45,-2.37
196608,-7.37,-8.11,-8.5,-8.62,-7.65,-4.87,-7.15,-6.95,-8.23,-9.27
196609,-1.91,0.16,0.29,0.32,-0.02,0.68,-0.87,0.26,-1.37,-1.41
196610,1.89,3.83,5.85,3.67,7.11,8.6,5.38,4.74,4.36,3.16
196611,5.24,1.9,1.92,2.44,-1.4,-1.77,0,-0.16,-0.2,0.51
196612,-1.22,1.91,0.19,1.38,0.65,2.17,1.67,-0.44,0.88,-0.09
196701,8.67,7.5,7.77,8.02,4.98,7.31,8.56,12.06,13.77,15.6
196702,2.81,1.36,0.73,1.05,-0.93,-0.21,0.33,-0.31,-0.59,0.64
196703,4.64,4.18,3.74,2.93,3.78,3.72,5.2,5.45,6.56,4.6
196704,8.15,3.35,2.42,3.87,1.01,0.83,3.6,4.22,2.34,2.56
196705,-5.89,-3.19,-3.36,-2.94,-3.28,-4.18,-3.36,-1.65,-3.68,-1.75
196706,2.29,1.03,1.03,2.32,1.63,2.73,3.39,6.16,4.95,4.53
196707,4.53,4.69,6.07,4.89,1.14,6.33,6.38,7.39,10.06,6.69
196708,-1.02,-0.15,-0.87,-1.14,-1.08,-1.01,1.62,-0.47,2.12,1.28
196709,5.19,1.92,3.77,1.86,3.86,2.3,3.02,4.11,2.24,0.4
196710,1.38,-4.64,-3.23,-5.4,-1.98,-4.91,-4.11,-4.12,-3.36,-7.02
196711,1.63,1.29,-0.03,1.59,0.33,-0.49,-0.13,-0.48,-1.22,0.58
196712,1.67,3.57,2.87,4.5,2.67,3.53,5.58,6.19,5.66,4.1
196801,-8.62,-2.31,-4.82,-4.08,-0.01,0.5,-1.92,1.63,-0.95,-0.41
196802,-3.65,-3.25,-3.43,-1.58,-2.13,-2.91,-3.58,-4.66,-4,-2.89
196803,3.71,0.96,-0.85,-1.61,-0.05,-1.32,-0.55,-1.25,1.31,0.19
196804,12.28,9.78,8.13,7.54,3.82,6.79,10.56,12.28,12.67,12.18
196805,3.97,1.14,2.24,1.97,-0.2,1.98,1.07,5.62,5.56,7.06
196806,-1.2,1.75,0.36,3.15,3.23,4.74,2.36,3.2,-0.47,-1.42
196807,-5.66,-4.82,-1.98,-1.85,-2.23,2.98,0.08,0.53,2.29,-1.68
196808,1.34,1.55,1.09,0.77,1.88,2.55,1.46,2.06,4.73,2.45
196809,1.82,4.82,6.17,5.1,3.76,2.79,7.39,3.33,6.99,7.68
196810,-3.1,1.39,2.08,1.29,2.52,1.9,1.44,4.13,0.55,2.15
196811,7.47,5.11,3.19,5.43,5.64,6.68,4.99,5.76,8.35,3.05
196812,-4.58,-4.7,-3.76,-3.83,-2.85,-3.14,-1.42,-3.72,-2.72,-1.98
196901,-2.84,-1.14,-0.56,-0.19,-0.04,0.67,-0.84,-0.17,-0.55,2
196902,-4.46,-4.65,-4.49,-4.95,-5.99,-4.74,-7.26,-4.13,-6.88,-6.94
196903,4.14,4.11,2.84,1.05,2.88,3.96,1.95,1.87,7.02,1.57
196904,3.57,3.33,1.59,0.3,1.56,0.61,-0.3,3.76,2.64,-0.22
196905,-0.28,-0.61,0.54,0.04,1.16,0.9,0.89,1.52,0.24,-0.64
196906,-1.69,-5.98,-6.95,-7.77,-6.78,-9.02,-9.44,-6.25,-9.7,-8.37
196907,-4.6,-7.03,-5.57,-8.95,-6.42,-7.94,-8.03,-6.34,-6.01,-6.54
196908,7.17,7.95,5.22,5.22,3.11,5.35,4.5,3.8,2.51,1.75
196909,-0.4,-0.07,-1.24,-3.75,-1.13,-5.42,-3.88,-5.2,-4.36,-4.09
196910,6.93,6.6,6.38,5.43,5.68,5.22,3.37,3.67,4.38,4.08
196911,-1.28,-3.95,-3.48,-4.33,-3.45,-3.95,-4.25,-5.77,-1.71,-5.76
196912,1.33,-2.93,-2.03,-3.57,-1.86,-1.69,-2.31,-3.03,-5.39,-4.99
197001,-8.66,-7.23,-6.85,-8.21,-6.79,-10.3,-8.09,-7.69,-4.7,-2.8
197002,3,4.86,4.37,7.84,8.49,7.49,6.36,7.98,7.76,7.92
197003,-3.05,-2.61,0.47,-1.56,3.43,-0.13,1.75,-0.09,1.62,1.11
197004,-11.88,-13.52,-8.83,-12.9,-9.63,-8.99,-9.21,-6.52,-8.64,-8.23
197005,-8.3,-9.78,-6.49,-7.68,-6.67,-4.17,-1.13,-3.83,-4.24,-6.68
197006,-7.03,-3.95,-4.26,-5.1,-4.29,-3.13,-2.03,-3.95,-8.07,-8.47
197007,2.41,9.42,8.15,8.05,8.57,9.63,11.27,8.04,10.15,5.1
197008,4.62,3.85,3.86,7.24,5.13,4.39,4.59,5.57,6.8,6.18
197009,8.74,6.98,6.79,0.69,1.14,3.02,0.13,3.06,5.45,7.23
197010,-0.45,-1.78,-2.15,-2.16,-3.88,-2.58,-0.57,-1.58,-4.2,-4.98
197011,4.38,5.45,4.81,5.85,5.09,4.8,5.53,6.8,4.86,4.67
197012,4.57,5.99,8.08,6.36,7.78,8.06,6.42,5.09,6.36,8.89
197101,4.26,5.17,7.55,4.44,5.09,2.68,5.02,4.37,9.31,7.62
197102,2.46,2.97,1.97,0.61,1.75,0.77,-0.26,2.54,1.08,2.15
197103,6.79,4.94,5.7,3.09,5.14,3.83,2.04,1.81,3.07,3.24
197104,3.02,4.39,5.59,4.39,1.74,1.64,2.29,3.04,5.6,7.78
197105,-2.93,-1.89,-4.27,-4.05,-4.15,-4.49,-4.58,-5.25,-3.86,-4.1
197106,1.39,0.58,0.97,-1.65,0.35,0.79,0.12,0.8,-3.08,-0.5
197107,-4.73,-3.1,-5.14,-3.55,-2.65,-4.68,-3.87,-3.81,-5.09,-6.88
197108,4.57,6.76,5.33,4.02,-0.64,0.61,2.22,4.06,9.13,12.28
197109,0.99,-0.18,-0.31,-1.67,-0.28,-2.21,-1.03,-1.75,-1.87,-3.73
197110,-3.2,-4.46,-5.59,-5.46,-2.69,-3.52,-3.15,-4.36,-4.48,-5.77
197111,1.02,0.53,-0.1,-0.77,-0.08,-0.97,-0.54,-1.66,-1.57,-3.16
197112,9.69,7.95,10.09,10.05,8.18,10.07,7.34,9.05,10.91,10.84
197201,4.06,1.4,2.4,1.26,0.49,0.28,1.61,3.52,8.05,8.75
197202,5.19,4.19,3.07,2.2,0.72,2.12,0.52,1.83,0.22,2.03
197203,2.07,2.92,0.73,0.09,-1.78,-1.68,-1.42,-0.1,1.31,0.77
197204,1.14,0.29,0.6,0.58,0.03,0.25,0.11,1.47,1.11,0.15
197205,3.97,1.84,0.19,-2.37,2.25,1.03,1.16,-1.68,-1.64,-2.27
197206,-0.18,-2.41,-2.07,-4.13,-2.53,-2.68,-2.08,-4.94,-4.84,-6.89
197207,1.43,-0.92,-1.85,-2.35,-1.35,-0.29,-2.03,-0.81,-1.93,-2.23
197208,0.25,1.95,4.75,5.67,5.57,6.33,8.48,7.23,5.85,4.78
197209,0.51,-2.18,-2.63,-1.45,-1.78,-1.47,-0.23,1.61,-3.53,-3.89
197210,0.32,1.45,-0.4,2.13,0.22,2.9,2.42,1.93,0.65,-0.71
197211,1.44,4.22,6.98,5.63,7.38,6.34,6.6,8.44,9.57,12.25
197212,3.76,1.72,-0.74,-0.03,-2.05,0.21,-1.67,0.28,-2.7,-3.18
197301,-1.21,-5.68,-5.17,-4.51,-5.89,-0.37,-0.15,-0.45,-3.97,-4.61
197302,-2.4,-5.44,-4.35,-4.82,-5.51,-4.89,-5.75,-5.53,-4.12,-3.88
197303,-1.33,-0.4,-2.23,-1.19,-1.73,1.86,0.98,1.05,-0.71,2.38
197304,-6.51,-6.21,-5.18,-3.85,-4.64,-1.21,-2.41,-0.87,-3.15,-4.43
197305,0.1,-2.93,-3.92,-2.01,-2.32,-1.6,-4.59,-2.66,-5.61,-6.83
197306,-0.4,-2.23,-1.99,0.03,-2.17,0.77,-1.65,-0.42,-2.28,-2.82
197307,5.89,10.34,7.14,7.63,2.18,0.97,2.03,4.68,7.14,6.66
197308,-3.78,-2.16,-2.72,-2.45,-3.24,-4.15,-3,-2.12,-1.21,-0.33
197309,-0.35,8.08,7.76,9.69,8.58,9.76,9.24,7.78,8.99,9.7
197310,0.21,-0.51,-1.73,0.81,0.8,-0.24,-2.48,-1.27,0.38,4.31
197311,-11.51,-15.36,-15.8,-12.69,-11.07,-13.28,-6.77,-12.09,-13.97,-10.59
197312,-2.29,0.68,0.35,1.23,5.67,7.2,5.32,0.81,5.31,8.25
197401,-1.74,-0.77,4.14,0.12,-1.99,0.8,0.65,8.12,5.15,5.75
197402,-1.84,0.27,0.47,2.19,-0.25,-0.19,2.73,1.51,3.8,2.72
197403,-1.71,-0.87,-2.43,-3.97,-2.85,-2.48,-3.35,-2.11,-2.52,-2.75
197404,-3.14,-3.68,-4.96,-6.34,-5.06,-5.25,-6.76,-4.51,-6.02,-1.41
197405,-0.61,-4.42,-4.64,-5.96,-5.24,-6.55,-4.32,-4.3,-7.42,-7.9
197406,-1.47,-2.38,-4.46,-1.47,-2.25,-1.61,-1.73,-4.89,-1.16,0.73
197407,-11.78,-7.01,-2.75,-6.27,-4.3,-1.09,-3.76,-2.78,-3.5,-1.79
197408,-9.81,-11.06,-9.68,-6.05,-4.55,-7.74,-7.38,-7.2,-7.68,-6.28
197409,-16.56,-8.96,-9.83,-8.56,-5.38,-5.05,-4.37,-7.06,-6.74,-8.42
197410,22.76,19.7,16.94,8.88,12.95,10.12,9.79,9.43,5.22,9.13
197411,-4.79,-3.26,-2.33,-3.64,-4.75,-0.65,-3,-3.75,-4.11,-6.81
197412,-4.39,-2.95,-0.97,-0.53,0.62,-2.72,-2.19,-3.35,-3,-8.3
197501,10.46,9.96,14.58,18.44,15.98,18.48,22.27,22.71,22.43,30.45
197502,11.21,4.2,3.41,2.21,3.74,2.31,2.16,3.83,0.18,3.73
197503,3.41,2.54,2.9,3.71,-0.12,3.14,4.42,8.32,7.76,5.09
197504,4.96,8.27,5.58,3.16,1.59,2.06,2.41,7.37,3.67,4.65
197505,4.8,7.15,7.88,8.35,5.03,4.93,4.55,1.63,3.39,4.7
197506,2.95,6.01,6.91,7.43,5.31,6.35,8.02,7.87,7.53,5.13
197507,-8.67,-6.18,-5.36,-2.27,-4.08,-4.63,-5.07,-3.49,-3.85,-3.83
197508,-2.9,-1.03,-2.28,-2.46,-2.47,-2.75,0.08,-2.75,-3.53,-7.5
197509,-4.69,-4.49,-1.86,-1.85,-3.04,-2.39,-4.43,-2.69,-4.26,-4.69
197510,7.45,5.51,4.78,6.7,4.36,5.25,5.65,5.96,4.75,1.36
197511,3.47,2.46,2.24,3.08,3.04,4.47,3.73,4.23,3.85,4.7
197512,-2.76,-1.99,0.76,0.51,0.17,0.15,0.09,-0.16,0.62,0.43
197601,11.52,11.34,9.63,13.06,14.65,16.63,18.24,18.85,20.38,26.32
197602,-3.11,1.2,1.29,3.73,0.95,3.97,2.42,4.85,8.49,13.35
197603,3.2,2.2,3.02,3.26,2.75,1.29,2.88,1.13,2.81,2.74
197604,-2.52,-1.46,0.26,-0.52,0.99,-0.63,0.14,-1.2,-1.93,-1.44
197605,-1.48,-0.58,1.07,-1.77,-0.94,-1.38,-2.85,-2.04,-1.5,-2.13
197606,5.1,2.63,4.61,3.49,5.24,6.94,5.34,6.19,3.71,4.72
197607,-1.46,-1.98,0.17,0.03,0.82,-0.5,0.54,-0.46,1.33,1.72
197608,-0.28,-1.56,0.04,0.25,2.46,-0.45,-0.3,-1.23,0.1,-2.17
197609,1.57,2.34,3.95,3.54,2.78,3.76,2.46,4.43,1.41,0.23
197610,-2.74,-1.63,-2.28,-1.83,-0.35,-1.82,-1.72,-2.81,-2.09,-4.21
197611,-1.62,1.32,0.36,2.54,2.72,1.58,3.42,1.41,4.23,3.88
197612,3.54,6.01,7.2,8.07,5.71,7.42,7.78,9.44,8.44,9.91
197701,-8.01,-5.09,-2.52,-2.67,-1.2,-0.2,-0.17,-0.1,1.79,2.62
197702,-1.47,-1.51,-2.76,-2.54,-0.62,-1.62,-1.82,-0.97,-0.96,-2.09
197703,-1.65,-1.47,-1.66,-0.06,-1.12,-0.32,0.38,-0.57,2.18,0.25
197704,-2.91,0.49,1.74,2.32,1.92,1.04,2.68,3.78,4.24,2.32
197705,-2.45,-1.69,-0.73,-0.85,1.19,-0.89,-0.91,-0.68,-0.98,-0.6
197706,6.91,4.68,4.39,4.63,2.7,5.41,4.79,5.56,5.12,6.4
197707,-1.03,-1.41,-2.59,-2.33,-0.77,-0.64,0.53,-1.62,-2.16,-2.53
197708,1.57,-0.3,-2.11,-3.33,-2.43,-2.41,-4.47,-2.24,-2.23,-3.47
197709,-1.11,0.5,-0.76,0.12,0.93,2.43,0.88,-0.46,0.15,-0.55
197710,-4.25,-4.74,-4.19,-3.29,-4.23,-4.33,-2.71,-2.14,-2.55,-4.13
197711,3.95,4.79,4.74,4.4,5.55,3.19,4.12,4.53,6.32,8.88
197712,0.95,-0.86,0.8,1.33,0.71,1.52,-0.12,1.46,1.32,0.84
197801,-5.91,-6.69,-6.88,-6.48,-5.65,-4.55,-4.74,-3.54,-2.48,-0.22
197802,-3.27,-1.49,-1.11,-0.68,0.75,2.35,0.03,-0.4,-0.33,-0.19
197803,1.11,3.64,4.62,4.25,4.36,3.58,3.7,3.89,5.79,6.61
197804,12.12,10.23,9.32,7.34,7.63,3.85,4.64,6.86,7.01,6.91
197805,2.43,1.76,2.8,2.2,1.66,1.04,1.7,2.23,3.5,6.02
197806,-0.47,-2.21,-2.28,-2.11,-1.35,-1.12,-0.01,-1.74,0.59,-1.14
197807,7.36,7.38,5.72,4.75,5.16,4.88,2.42,5.42,5.27,8.27
197808,4.23,3.4,4.42,4.95,5.09,5.52,4.09,3.06,3.98,4.64
197809,-3.52,-2.48,-0.35,-0.56,1.52,0.72,1.34,-0.19,-0.05,-0.51
197810,-10.02,-12.48,-12.12,-11.59,-10.42,-10.52,-8.45,-10.73,-14.01,-18.77
197811,3.54,3.11,3.54,2.62,4.13,3.93,2.98,3.39,3.33,3.21
197812,4.94,0.32,1.69,0.97,1.4,0.37,0.62,-0.08,0.79,-0.23
197901,2.39,5.26,5.38,5.75,5.01,5.4,5.38,6.39,6.74,11.76
197902,-3.91,-4.12,-2.58,-3.05,-3.02,-2.37,-1.22,-2.54,-2.49,-3.26
197903,5.58,6.86,7.29,6.54,7.6,6.14,3.87,7.04,7.43,10.4
197904,0.19,0.61,0.02,1.82,0.93,1.72,-0.64,1.43,1.6,0.52
197905,-1.98,-2.09,-1.45,-0.99,-1.52,-1.64,-0.82,-0.98,-1.28,-1.15
197906,1.94,4.61,4.78,5.57,6.65,5.65,4.41,6.59,4.13,6.61
197907,-0.76,1.91,2,2.31,2.1,1.86,1.62,2.31,3.09,4.37
197908,6.64,7.73,7.09,7.38,5.69,4.3,6.26,4.7,6.59,6.55
197909,-1.57,-0.54,0.74,0.55,1.13,0.82,0.21,-1.01,-0.61,-0.72
197910,-6.83,-6.96,-7.4,-5.1,-6.84,-6.56,-8.04,-8.23,-7.87,-11.72
197911,7.16,5.82,7.86,6.67,3.98,5.76,7.98,5.78,4.84,2.17
197912,2.48,4.38,4.66,3.07,0.6,0.83,2.59,0.73,2.83,5.66
198001,3.03,7.09,6.99,8.38,7.84,4.18,6.46,5.9,7.27,12.95
198002,-3.37,-3.64,-0.85,1.91,2.7,1.45,-0.5,-0.71,0.52,-0.52
198003,-9.17,-9.48,-13,-11.91,-12.26,-9.48,-11.95,-11.79,-13.6,-18.05
198004,3.48,4.29,4.6,3.56,4.47,7.23,7.77,8.29,6.24,1.98
198005,5.84,5.75,6.54,5.12,6.66,5.57,4.96,5.65,8.22,6.7
198006,2.89,3.45,3.78,5.15,3.57,1.55,5.49,3.48,2.03,2.79
198007,12.1,10.79,6.56,7.57,3.89,6.05,6.06,1.68,3.48,8.36
198008,4.25,2.58,1.38,2.52,0.97,2.7,1.04,2.85,0.55,1.64
198009,3.99,3.99,4.56,6.08,4.52,1.11,0.48,-1.38,0.84,-0.14
198010,3.21,-0.45,3.39,4.56,4.21,2.75,-0.87,-1.15,0.5,1.34
198011,12.12,10.8,11.84,15.5,17.4,10.65,3.06,5.85,3.72,1.75
198012,-1.14,-2.19,-4.48,-6.17,-5.1,-3.95,-1.11,-0.91,-0.52,-0.91
198101,-6.99,-4.15,-5.21,-7.56,-6.26,-2.63,-0.67,1.39,1.98,2.34
198102,1.54,3.57,2.44,1.42,1.4,-0.47,3.38,1.79,0.44,2.39
198103,4.78,5.08,3.3,5.57,1.65,3.87,6.11,3.95,5.51,10.24
198104,-0.5,-2.43,-2.34,-3.64,-3.27,1.02,1.14,2.55,0.68,0.06
198105,3.46,0.88,-0.87,-0.93,-1.2,0.22,2.19,3.58,1.96,2.35
198106,-6.13,-3.05,-0.52,2.42,1.7,3.32,0.32,0.05,1.23,-0.4
198107,0.52,1.06,0.63,2.89,-2.44,-1.69,-2.61,-1.83,0.02,-2.34
198108,-9.07,-5.13,-7.61,-5.44,-5.91,-4.76,-5.78,-4.56,-0.75,-4.48
198109,-8.61,-6.65,-5.32,-7.74,-6.75,-5.72,-3.16,-2.38,-0.34,-4.95
198110,11.41,6.35,7.57,7.1,3.18,4.96,1.68,4.79,5,3.64
198111,0.53,5.44,5.43,5.51,4.71,4.45,5.6,4.27,3.71,5.41
198112,-3.7,-2.16,-3.4,-2.63,-3.03,-2.91,-1.26,-2.84,-1.72,-2.6
198201,-3.66,-0.82,-2.54,-5.56,-3.49,-2.72,-2.35,-0.45,1.32,-1.15
198202,-9.2,-5.78,-7.27,-5.88,-2.88,-2.63,-1.62,-0.74,-3.07,-0.13
198203,-3.71,-2.99,1.1,-1.21,-1.65,0.01,1.37,1.97,1.78,1.69
198204,6.15,6.82,4.23,4.51,3.23,4.25,3.38,3.74,1.46,4.39
198205,-4.82,-3.33,-2.31,-2.08,-1.92,-2.43,-2.99,-3.28,-1.27,-2.34
198206,-4.32,-2.48,-1.19,-1.51,-0.62,-0.87,-1.86,-1.3,-2.45,-0.52
198207,-1.93,1.16,-2.02,-4.61,-3.37,-3.46,-3.36,-1.36,-1.89,-1.98
198208,11.22,10.46,11.09,12.47,11.24,13.02,12.75,12.88,12.96,11.26
198209,1.63,2.58,2.03,2.56,3.25,2.29,1.28,0.44,0.9,0.93
198210,15.21,11.08,13.56,10.18,10.03,12.28,13.04,9.58,9.39,12.71
198211,8.97,6.62,6.71,3.65,3.11,2.98,3.04,3.77,4.86,7.54
198212,-0.34,3.97,-0.4,1,1.63,0.62,1.17,0.13,2.6,4.3
198301,4.89,2.8,3.39,3.68,2.77,5,3.02,8.41,2.01,4.04
198302,3.46,3.12,4.94,2.77,3.24,4.54,1.72,1.32,4.47,5.47
198303,2.03,3.29,2.21,4.32,5.4,3.58,5.33,2.61,4.27,4.69
198304,5.6,7.4,4.91,8.14,8.16,8.83,10,6.33,7.26,10.07
198305,3.15,0.33,-0.55,1.35,-0.35,3,-0.49,0.16,1.11,1.44
198306,5.76,5.92,4.1,6.63,4.61,1.77,2.05,0.03,1.09,4.27
198307,-5.13,-5.15,-5.81,-3.55,-2.73,-3.22,-0.26,0.06,-1.93,0.01
198308,-2.74,-0.34,-1.9,-0.71,-0.8,0.36,2.4,3.68,4.63,6.23
198309,2.43,2.49,1.3,3.06,2.57,1.94,-0.4,1.06,1.79,0.09
198310,-5.73,-2.79,-3.65,-2.22,0.49,-3.47,-1.01,-0.06,-1.06,-0.74
198311,1.85,4.32,4.43,1.77,2.59,4.52,2.16,2.83,1.92,1.55
198312,-1.21,-1.42,-0.6,-0.18,-1.83,-2.01,-0.08,-1.99,0.52,0.05
198401,-6.64,-5,-2.61,-0.12,-1.99,3.32,1.23,0.97,5.27,4.29
198402,-5.26,-3.69,-6.34,-6.07,-4.45,-4.35,-2.76,-2.92,-2.72,2.87
198403,0.99,1.62,1.96,3.22,0.58,0.86,1.93,1.32,-0.42,1.71
198404,0.39,0.73,-0.78,0.35,1.08,0.25,-0.75,2.01,1.66,0.02
198405,-5.4,-4.71,-4.52,-2.92,-6.39,-5.49,-3.4,-5.03,-6.23,-5.81
198406,3.84,4.37,5.57,4.37,2.3,1.35,-0.72,0.41,5.71,-1.15
198407,-1.15,-2.3,-2.53,-2.64,-1.67,-0.36,-3.33,-3.23,-2.4,-1.24
198408,12.67,10.83,10.37,11.73,10.63,10.38,11.93,10.85,12.23,10.51
198409,-3.59,-1.79,-1.01,-1.32,-0.86,0.73,0.41,2.79,2.99,3.91
198410,-0.76,0.73,1.31,1.55,0.33,1.42,-0.7,-0.17,-1.81,1.28
198411,-4.14,-1.82,-0.9,-1.13,-1.54,-0.96,-1.06,0.19,1.15,1.99
198412,2.48,3.02,2.22,2.51,1.69,2.84,2.91,2.82,1.15,2.79
198501,12.85,8.86,10.43,8.83,8.56,7.77,8.62,6.65,5.4,5.57
198502,0.92,1.56,3,1.15,1.61,1.79,2.69,2.3,2.93,0.9
198503,-3.43,-0.72,0.43,-0.89,0.29,-1.37,-0.63,2.02,2.01,2.5
198504,-2.16,-1.05,-2.25,-2.37,0.03,-1.34,1.23,1.38,2.41,2.08
198505,5.03,6.43,6.42,7.11,8.63,6.16,5.01,5.43,4.9,4.26
198506,0.4,1.98,2.76,2.18,1.33,2.11,2.26,0.5,2.02,2.6
198507,1,0.36,0.2,0.62,-0.14,-0.44,-1.48,-0.95,-2.4,0.46
198508,-1.83,-1.84,-0.73,0.59,-0.01,-0.34,-0.39,1.14,0.67,0.49
198509,-4.44,-4.73,-3.72,-1.58,-3.82,-3.14,-3.16,-4.71,-4.29,-3.99
198510,3.73,4.22,4.05,4.71,4.58,4.6,6.12,4.39,6.19,4.92
198511,9.12,9.68,7.23,8.29,7.95,7.32,4.39,4.66,6.07,3.42
198512,6.06,6.08,4.27,3.72,5.39,3.02,2.92,4.03,5.39,2.82
198601,0.23,1.59,1.63,1.2,0.21,3.22,-1.25,1.06,1.92,1.87
198602,6.37,8.86,9.24,10.01,7.17,9.01,7,6.52,6.88,7.39
198603,5.31,6.04,6.98,6.4,5.25,5.98,5.39,3.68,6.05,2.77
198604,2.3,-0.66,0.45,-0.88,-0.44,-2.8,-1.48,-3.22,-2.7,-2.96
198605,4.91,5.76,4.69,6,4.3,4.39,6.85,4.59,6,3.38
198606,1.64,2.1,0.77,2,1.03,0.97,0.62,2.21,4.69,-0.98
198607,-7.96,-7.84,-7.03,-6.4,-6,-5.97,-4.47,-2.02,-1.86,-5.97
198608,2.82,5.14,5.02,7.18,4.93,7.38,11.72,7.26,9.19,11.18
198609,-11.31,-8.77,-9.98,-8.12,-7.77,-5.9,-6.3,-8.46,-8.6,-2.29
198610,7.53,3.22,6.73,5.41,6.23,4.54,4.08,5,5.95,4.15
198611,1.13,2.69,1.52,1.39,2.53,0.96,1.76,1.42,1.75,0.88
198612,-2,-2.65,-2.8,-2.04,-4.01,-3.78,-2.6,-2.86,-3.71,-1.25
198701,13.66,13.38,14.66,15.21,11,11.2,14.37,9.38,12.49,10.43
198702,9.14,7.59,5.85,7.84,2.17,6.87,0.9,0.88,0.38,0.05
198703,0.98,1.87,2.21,2.11,1.33,0.73,4.38,0.79,1.64,6.89
198704,-3.53,-0.4,-2.12,-0.94,-2.98,-1.99,0.4,-3.19,-0.36,-1.89
198705,1.3,1.77,-0.19,-0.36,0.29,-1.2,0.27,0.88,-0.04,1.58
198706,4.54,3.95,4.68,4.1,6.57,4.06,5.33,4.18,4.42,5.46
198707,4.85,5.28,5.29,1.82,6.9,3.66,2.38,4,2.87,5.52
198708,3.7,5.51,4.48,5.06,4.29,3.05,4.63,3.8,3.23,0.87
198709,-3.86,-0.62,-1.21,-5.25,-0.66,-0.95,-1.2,-3.14,-2.44,-1.6
198710,-22.76,-24.86,-25.79,-23.63,-23.86,-22.79,-15.78,-18.86,-19.14,-23.91
198711,-9.48,-8.29,-7.21,-7.49,-8.63,-5.17,-7.97,-4.49,-8.31,-2.34
198712,8.67,9.58,9.26,6.98,8.24,7.59,4.13,2.98,6.01,5.45
198801,1.95,2.07,2.16,2.79,6.75,3.33,8.45,7.62,9.65,5.06
198802,5.34,5.81,6.29,7.01,6.01,5.11,2.66,3.48,2.61,6.18
198803,-2.14,-3.97,-0.63,-3.76,-2.67,-1.08,-2.05,-3.57,0.52,0.51
198804,-1.15,0.27,-0.23,2.36,0.71,2.63,2.38,0.61,2.52,1.49
198805,-0.42,-0.44,-0.01,-0.4,0.06,-1.15,2.17,2.23,1.58,1.89
198806,4.74,5.26,5.9,8.65,6.07,5.77,3.36,4.05,2.9,6.49
198807,-1.35,-1.88,-2.14,-0.99,0.23,-0.34,0.36,-0.11,0.67,0.34
198808,-2.72,-3.62,-2.82,-5.54,-2.34,-1.71,-1.23,-0.81,-1.83,-1.93
198809,4.93,5.38,3.55,4.89,1.07,4.08,3.73,3.06,3.8,3.9
198810,-0.15,1.98,2.33,4.88,0.79,1.82,1.49,2.11,2.09,4.64
198811,-2.15,-2.01,-2.42,-1,-1.93,-2.89,-0.86,-0.83,-0.96,0.02
198812,3.09,2.75,3.46,1.92,2.45,1.39,1.05,1.39,1.05,0.33
198901,6.49,7.39,5.85,6.8,6.49,5.71,6.31,5.72,7.56,8.04
198902,-1.5,-3.2,-1.48,-1.95,-2.48,-0.97,-0.98,-0.87,-1.16,-0.96
198903,2.81,2.05,2.62,-0.41,3.55,3.48,1.2,3.66,1.81,2.21
198904,5.99,6.09,5.63,4.54,3.01,6.6,4.9,3.99,4.38,3.72
198905,4.95,4.46,5.23,1.62,4.19,4.11,4.53,3.93,4.11,3.81
198906,-1.89,-0.23,-1.62,-0.21,-0.52,-1.48,0.5,-0.71,-0.14,3.18
198907,10.37,9.49,10.29,6.85,5.44,7.2,7.95,5.7,6.27,5.56
198908,0.36,1.72,2,3.05,3.25,3.19,2.14,2.41,2.83,1.94
198909,2.21,-0.67,-0.35,-2.33,0.14,-1.22,0.28,0.61,-0.23,-0.68
198910,-0.94,-1.27,-3.18,-4.99,-3.41,-4.46,-3.33,-3.48,-1.19,-3.72
198911,2.29,1.02,2.95,1.21,2.54,1.15,1.47,0.79,1.16,0.63
198912,0.84,1.06,2.81,-1.53,3.44,3,4.02,3.72,0.57,1.67
199001,-7.97,-7.79,-7.55,-3.94,-6.79,-8.25,-6.93,-7.92,-6.41,-7.71
199002,0.36,1.09,0.63,3.94,2.23,2.32,0.12,2.82,3.05,1.21
199003,4.4,3.42,4.45,2.94,0.43,1.67,1.8,0.22,1.7,-0.83
199004,-0.16,-1.29,-2.18,-1.38,-3.21,-4.92,-4.49,-4.24,-3.99,-5.95
199005,13.02,8.45,9.35,11.61,8.08,7.69,6.06,6.59,8.53,5.35
199006,2.69,2.55,-1.64,-1.89,-1.46,-2.64,-2.84,-2.77,-0.57,0.24
199007,-1.3,-1.83,-2.07,-0.92,1.97,-0.97,-2.94,-1.37,-2.1,-3.44
199008,-8.86,-10.53,-12.03,-9.1,-7.57,-7.76,-9.74,-9.57,-9.84,-11.87
199009,-6.41,-4.78,-7.08,-4.05,-3.09,-3.14,-8.34,-5.34,-6.3,-9.87
199010,0.55,0.58,-1.59,-3.18,-0.53,-3.88,-2.7,0.94,-0.05,-3.14
199011,8.07,5.54,8.63,6.64,6.12,7.07,8.32,5.62,5.39,3.6
199012,3.61,3.53,4.48,2.92,2.44,1.71,3.8,2.4,2.61,0.05
199101,5.99,6.01,8.02,3.31,1.25,5.49,6.68,5.07,3.99,6.86
199102,8.43,8.69,7.14,8.48,5.88,6.26,7.1,7.09,7.57,9.36
199103,5.41,4.26,2.79,1.94,2.67,-1.03,2.24,3.87,3.34,1.63
199104,0.03,-0.81,-0.38,0.78,1.23,-0.3,2.17,1.14,0.48,-0.61
199105,4.6,3.71,5.93,3.55,2.05,3.25,4.5,4.05,3.63,9.23
199106,-4.31,-5.09,-5.83,-4.62,-3.23,-4.89,-4.73,-3.44,-3.65,-4.74
199107,7.37,3.63,2.65,3.57,4.39,3.91,4.7,4.06,4.12,2.84
199108,4.39,3.3,1.4,0.89,1.98,3.76,2.57,1.69,4.35,1.06
199109,-1.79,-1.29,-2.99,0.35,-1.7,0.44,1.93,-0.92,-2.36,-3.24
199110,2.3,0.41,1.22,0.74,1.66,2.12,4.11,1.71,2.38,1.16
199111,-0.1,-5.14,-6.23,-4.69,-5.4,-4.31,-3,-4.5,-6.25,-7.41
199112,15.74,12.63,11.83,6.74,8.67,8.05,7.99,6.86,11.1,10.17
199201,-3,0.51,-0.14,-1.38,-0.57,0.04,0.88,2.3,5.8,12.88
199202,-0.38,1.15,1.41,-0.61,2.39,2.18,1.95,5.54,6.04,11.98
199203,-3.43,-3.61,-1.44,-2.09,0.37,-1.95,-0.66,-1.53,-1.25,0.51
199204,-1.63,0.56,2.18,5.64,3.72,2.89,2.61,2.18,2.02,6.76
199205,1.06,0.63,0.23,0.43,-0.62,2.03,0.58,-0.04,1.45,0.89
199206,-3.45,-2.57,-1.15,-0.61,-2.54,-1.74,-0.83,0.44,-2.01,1.35
199207,4.96,4.4,2.28,5.59,4.69,3.1,5.02,4.19,3.17,-1.1
199208,-1.09,-1.07,-2.36,-3.79,-1.03,-1.78,-2.6,-2.33,-3.67,-9.2
199209,0.14,2.84,4.03,2.25,0.67,0.96,0.44,1.9,1.7,-0.71
199210,2.33,3.54,2.19,1.1,-0.77,-2.62,1.09,0.7,1.83,1.19
199211,4.27,6.01,5.79,4.6,2.47,1.41,3.83,2.75,5.35,8.65
199212,-0.63,1.27,3.98,2.91,3.13,-0.26,3.45,3.6,3.66,4.07
199301,-2.68,0.35,1.9,1.1,1.02,2.33,3.17,3.49,5.52,9.67
199302,-4.31,-2.85,0.92,2.49,3.54,4.76,3.9,3.62,2.97,0.95
199303,0.86,2.01,3.44,3.92,3.12,2.92,2.08,2.08,2.22,5.05
199304,-5.94,-4.94,-3.01,-1.43,-0.44,-1.07,-0.78,-2.47,-1.82,0.84
199305,4.44,3.31,4.71,4.45,1.86,1.97,1.82,0.82,1.81,0.71
199306,-2.05,-1.45,1.61,0.27,0.71,1.61,2.16,2.3,3.33,4.23
199307,-3.22,-2.16,0.35,-0.58,2.35,1.02,1.65,2.09,0.05,1.84
199308,3.38,4.66,2.71,4.15,3.75,4.41,4.11,4.07,4.87,2.11
199309,-0.24,-0.63,-0.84,-0.44,-0.08,1.72,2.13,-0.38,-0.22,0.7
199310,4.15,4.8,0.97,1.61,-0.07,-0.81,-0.06,-0.7,-0.37,0.89
199311,1.01,-0.15,-2.14,-1.98,-2.24,-2.09,-4.13,-3.03,-0.55,-3.17
199312,0.46,2.03,2.68,4.01,1.74,1.89,1.36,2.5,2.09,2.14
199401,0.99,3.02,3.73,5.19,4.58,3.38,4.42,0.9,2.76,5.35
199402,-1.66,-1.62,-1.78,-0.41,-2.78,-2.71,-4.3,-4.32,-4.3,-2.39
199403,-5.27,-5.11,-3.99,-4.79,-3.59,-4.17,-3.94,-3.56,-2.38,-5.96
199404,0.65,0.66,0.07,1.16,1.57,2.34,1.63,1.39,1.6,2.13
199405,0.54,0.23,2.42,0,2.62,1.12,0.63,-1.68,1.87,0.43
199406,-3.81,-2.9,-2.82,-2.21,-2.58,-1.62,-1.18,-1.88,-3.66,-1.75
199407,2.3,3.71,2.39,3.49,2.26,4.9,3.69,4.15,2.6,1.53
199408,6.17,5.57,3.73,4.17,2.02,2.84,3.57,3.54,4.42,3.04
199409,-0.27,-1.9,-2.27,-3.5,-3.2,-1.57,-2.56,-3.69,-4.03,-1.94
199410,2.34,1.92,0.89,2.97,0.41,4.27,1.33,0.43,0.16,-0.47
199411,-2.51,-2.71,-5.69,-3.93,-4.19,-2.28,-3.66,-5.34,-3.74,-3.97
199412,0.8,2.58,1.18,1.22,1.46,0.71,2.02,0.62,1.05,0.72
199501,1.43,2.8,1.59,1.07,2.54,2.79,2.39,4.41,5.08,2.53
199502,3.48,4.04,4.37,4.99,4.3,2.75,3.17,4.25,6.41,4.92
199503,2.97,2.58,3.54,3.62,2.52,3.73,1.48,-0.01,0.77,1.39
199504,1.71,2.8,2.5,3.4,1.29,3.78,2.12,2.29,3.91,5.92
199505,3.38,3.48,1.81,3.05,3.65,3.91,4.78,5.41,4.9,4.63
199506,4.62,3.63,2.32,3.66,0.62,1.49,2.32,1.97,2.96,2.49
199507,4.17,3.93,4.15,4.78,4.31,3.82,2.83,4.11,3.79,4.04
199508,0.42,-0.26,0.37,1.14,0.12,1.72,2.44,3.53,3.69,4.6
199509,5.26,4.44,2.14,2.84,2.3,4.16,3.29,4.25,4.67,4.16
199510,0.36,-1.63,1.15,-4.18,0.23,-1.34,-3.37,-2.27,-3.27,-2.76
199511,4.78,5.03,1.58,4.44,3.98,5.38,4.22,5.43,4.52,4.41
199512,0.19,2.1,0.93,1,3.59,2.9,0.86,1.28,1.55,1.86
199601,3.06,3.55,1.29,3.1,2.83,2.62,1.72,2.72,2.88,2.17
199602,1.24,1.89,3.46,2,1.44,1.68,0.82,1.67,2.42,1.16
199603,0.16,0.57,1.16,3.39,0.6,2.88,2.92,1.01,1.97,0.66
199604,2.75,2.32,4.57,3.12,2.26,1.13,1.9,-1,-0.04,1.54
199605,4.23,3.3,2.56,0.51,0.76,1.82,2.45,3.02,2.85,3.54
199606,0.01,-0.39,-1.31,-1.87,-0.64,0,-1.78,0.53,-0.69,0.29
199607,-6.5,-5.75,-6.84,-4.1,-3.33,-4.88,-4.57,-3.2,-4.91,-5.38
199608,1.79,2.8,3.78,3.42,4.03,5.33,3.36,3.28,2.98,5.3
199609,7.13,6.8,4.59,4.41,4.05,2.3,4.55,2.7,3.5,4.51
199610,-0.33,1.4,-0.46,1.58,3.14,5.41,4.41,3.74,3.87,2.07
199611,6.85,6.56,7,6.28,7.97,6.58,7.52,7.63,5.52,7.07
199612,-1.63,-2.17,-0.18,-0.2,-1.72,-1.4,-1.47,-0.59,0.58,-0.02
199701,7.19,6.43,3.87,5.26,5.19,3.56,3.33,4.83,3.36,5.43
199702,-0.34,-0.04,-1.32,-1.39,-1.01,1.52,1.87,2.74,3.46,3.86
199703,-7.33,-3.86,-3.88,0.13,-3.4,-4.2,-4.81,-4.95,-3.99,-3.81
199704,7.61,5.46,2.1,2.36,5.62,3.74,2.82,4.9,1.13,0.1
199705,8.17,5.49,9.27,6.57,7.12,5.39,5.96,5.58,7.97,5.87
199706,4.33,4.49,3.74,2.35,5.62,4.53,4.81,4.12,5.39,4.34
199707,7.05,7.38,8.9,8.02,9.16,9.79,5.66,7.62,7.01,6.45
199708,-5.93,-5.37,-2.35,-2.37,-2.95,-3.11,-4,-0.21,-1.54,-1.19
199709,4.57,6.17,5.63,5.67,5.99,7.5,6.38,6.46,6.27,8.2
199710,-2.54,-4.55,-4.12,-4.29,-3.34,-3.74,-1.4,-2.67,-3.2,-2.71
199711,4.07,5.22,4.74,1.27,2.25,2.43,4.02,3.25,2.9,1.36
199712,0.33,1.56,1.72,1.23,2.78,3.08,4.05,5.45,2.89,1.62
199801,3.78,2,-0.01,-1.31,-3,-2.58,-0.48,-1.62,-0.48,1.74
199802,7.99,5.64,7.06,7.63,8.91,8.76,7.29,6.63,6.57,7.84
199803,4.33,6.35,4.2,3.82,5.71,4.55,7.01,6.51,5.58,7.92
199804,0.94,0.96,0.54,3.44,1.13,0.92,1.12,3.21,0.58,-0.56
199805,-2.92,-3.06,-0.81,-3.64,-3.4,-1.11,-1.62,0.4,-3.28,-0.02
199806,7.92,3.59,1.96,0.15,2.85,-0.3,3.56,3.33,-0.4,1.65
199807,-1.45,1.56,-4.38,-2.24,-3.06,-3.33,-2.57,-6.38,-4.09,-5.03
199808,-13.63,-14.59,-14.84,-20.46,-17.68,-17.34,-17.55,-12.4,-14.07,-16.53
199809,8.32,8.78,5.27,2.9,3.93,3.76,3.61,4.96,7.03,6.34
199810,6.25,10.41,8.77,7.95,7.79,7.69,7.79,5.69,2.56,3.74
199811,7.4,7.72,5.28,6.63,4.46,6.07,5.34,3.5,5.23,5.26
199812,8.89,9.3,4.16,1.68,1.24,5.81,3.21,3.37,3.12,5.2
199901,5.64,5.97,0.73,0.98,1.17,0.73,2.52,-1.93,-0.5,0.69
199902,-4.64,-5.27,-3.22,-0.66,-1.51,-2.05,-3.07,-1.86,-2.78,-4.32
199903,5.4,2.16,1.41,4.64,4.46,2.1,3.67,0.47,-0.97,2.44
199904,-0.61,5.22,8.8,9.9,8.72,6.34,5.86,9.49,5.73,4.82
199905,-3.38,-1.55,-0.3,-2.27,-1.34,-0.04,1.34,-0.78,3.22,1.79
199906,6.89,7.26,4.23,3.4,2.43,4.3,2.07,0.28,2.57,3.41
199907,-3.34,-1.44,-3.52,-3.97,-5.05,-1.72,-1.88,-2.33,-3.22,-2.51
199908,1.74,-3.31,-2.46,-3.25,-3.45,-3.06,-3.98,-2.59,-3.34,-4.29
199909,-1.52,-2.06,-2.11,-4.17,-3.89,-6.45,-7.39,-4.94,-4.6,-2
199910,7.01,4.07,7.94,9.13,5.73,4.76,3.91,0.7,1.1,0.97
199911,4.65,5.1,2.42,-1,-2.1,-1.87,-3.52,1.95,2.77,2.37
199912,10.18,4.8,7.35,3.52,0.35,0.02,2.36,6.32,2.97,4.7
200001,-5.5,-2.38,-4.16,-3,-4.7,-3.43,-4.82,-3.83,-6.09,-1.81
200002,3.02,2.24,-2.85,-1.87,-4.02,-4.59,-3.99,6.29,1.95,3.36
200003,7.72,6.18,11.12,7.17,9.16,9.98,11.51,4.12,7.81,7.3
200004,-5.48,-2.31,-3.45,-2.87,-1.38,1.72,1.24,-1.2,-1,-5.62
200005,-3.85,-4.02,-1.52,-2.09,2.6,1.87,-1.31,-0.98,1.07,-0.42
200006,8.51,-0.3,-2.54,-2.23,-4.13,-3.7,-4.84,1.75,1.33,3.09
200007,-4.95,0.83,-0.78,1.92,4.32,4.42,4.12,4.68,3.93,-0.1
200008,8.06,6.94,6.38,6.58,9.15,8.71,5.41,7.38,6.86,5.22
200009,-8.21,-1.59,-2.36,-1.38,0.74,2.7,6.53,2.52,-0.02,-2.23
200010,-3.86,0.85,0.67,3.29,-4.33,0.69,-0.28,1.25,0.28,2.75
200011,-12.95,-6.96,-6.65,-3.86,-6.95,-0.05,0.66,-0.74,0.81,-3.54
200012,-2.79,2.54,8.28,9.66,7.39,10.09,9.09,11.18,7.3,5.8
200101,4.73,1.65,3.48,2.22,9.01,-3.86,-2.7,-2.17,4.81,7.88
200102,-14.69,-7.06,-3.18,-2,-2.92,1.77,2.77,0.31,1.1,2.14
200103,-10.61,-5.09,-2.9,-1.59,-1.19,-0.41,-2.66,-1.5,-1.13,-1.47
200104,11.03,6.54,5.88,5.66,4.82,3.81,4.83,3.48,5.78,7.27
200105,-0.31,1.67,1.56,0.99,3.67,3.65,2.08,5.14,5.44,5.37
200106,-1.73,-1.98,-3.45,-0.83,0.24,0.38,-1.25,-0.64,1.46,0.58
200107,-1.88,-2.43,-0.86,-0.94,-2.16,-1.41,-2.25,-2.87,3.81,-0.81
200108,-7.16,-7.62,-3.55,-4.6,-3.13,-2.77,-4.48,-6.75,-5.85,-4.83
200109,-7.44,-8.96,-11.46,-11.7,-8.54,-8.1,-11.97,-13.28,-4.65,-16.4
200110,4.36,3.43,0.2,1.8,0.32,-0.72,3.98,1.48,-7.84,4.12
200111,8.37,6.73,9.53,7.57,5.94,4.87,9.18,12.12,10.39,10.36
200112,-0.54,1.92,4.33,2.25,4,4.82,2.79,3.83,3.02,6.27
200201,-1.36,-0.75,-0.51,-3.49,0.73,-0.68,-1.23,2.16,-3.92,-0.79
200202,-2.53,-3.27,-0.58,1.04,0.27,0.81,-3.23,-1.81,-6.16,-4.04
200203,2.44,4.79,6.61,6.13,6.13,3.56,8.56,7.4,4.33,10.15
200204,-8.1,-7.05,-2.16,-1.87,1.55,1.07,-1.16,-0.1,-9.62,2.89
200205,-2.26,-0.74,-0.82,0.46,-1.69,0.03,0.38,-1.43,-4.52,-1.28
200206,-8.56,-6.42,-5.6,-4.88,-4.17,-7.32,-5.5,-9.46,-7.86,-5.1
200207,-4.81,-8.15,-9.94,-10.71,-6.47,-11.98,-10.35,-12.83,-15.41,-17.07
200208,0.34,-1.14,0.39,1.19,1.85,0.99,2.1,4.65,4.47,4.28
200209,-9.67,-12.77,-10.18,-11.02,-7.76,-12.15,-9.5,-7.95,-8.14,-13.16
200210,10.26,9.71,7.63,4.24,6.47,0.86,4.28,5.16,7.35,6.02
200211,4.91,6.58,6.31,8.01,3.59,9.02,5.52,7.39,8.94,10.53
200212,-6.86,-5.75,-5.35,-7.11,-3.54,-2.77,-1.57,-5.98,-7.53,-2.5
200301,-2.74,-2.7,-3.28,-2.06,-0.74,-2.55,-3.23,-4.85,-4.64,-2.01
200302,-0.3,-3.1,-2.37,-2.45,-2.23,-2.43,-2.2,-3.99,-3.96,-5.93
200303,3.28,-0.92,0.83,-0.24,0.54,1.02,0.31,-0.25,-2.22,0.26
200304,6.94,8.97,9.08,9,8.59,9.83,8.07,10.38,13.47,7.08
200305,3,8.52,7.16,8.59,6.64,9.25,7.64,8.85,8.15,11.92
200306,1.33,1.01,2.2,1.52,1.68,1.54,0.9,-1.35,3.89,6.38
200307,0.59,3.07,4.42,4.22,1.86,2.88,2.86,1.11,4.05,2.49
200308,0.87,4.74,1.55,0.55,4.28,1.29,2.75,4.07,4.33,7.28
200309,-0.04,-2.46,-1.9,-0.46,-0.98,-1.36,0.35,-3.24,-1.83,0.65
200310,3.64,6.09,9.05,6.5,5.99,9.59,7.6,7.86,6.76,9.89
200311,0.71,1.39,0.5,1.52,3.76,1.18,0.69,2.49,3.89,4.52
200312,3.87,5.12,4.89,5.12,3.03,4.05,3.82,5.81,3.84,5.08
200401,1.31,2.13,1.08,0.88,4.34,2.85,3.4,2.06,6.68,7.2
200402,1.73,0.1,0.98,2.45,3.09,1.88,-0.02,2.21,3.5,-0.51
200403,-1.6,-2.61,-0.41,-0.32,-0.61,-0.95,-0.66,-0.07,-0.14,-1.14
200404,1.11,-1.4,-2.66,-3.64,-3.8,-5.03,-1.31,-4.32,-3.84,-5.12
200405,0.68,1.98,1.49,1.27,-0.02,2.78,1.17,0.25,1.55,2.88
200406,1.02,2.61,1.25,2.31,1.75,0.77,3.87,2.53,2.96,5.84
200407,-6.59,-3.93,-1.08,-2.58,-2.07,-2.85,-3.63,-3.67,-1.95,-2.14
200408,-0.8,-0.09,0.1,1.65,1.33,0.24,1.38,0.21,0.16,-1.05
200409,0.46,0.91,3.03,0.86,3.78,2.97,2.56,1.95,3.58,3.83
200410,1.76,1.43,1.86,0.67,1.67,3.35,-0.86,3.05,2.47,0.41
200411,3.06,4.68,4.83,5.07,5.01,7.55,3.67,6.27,6.66,8.27
200412,4.66,2.91,2.22,3.13,3.08,2.65,4.9,4.36,2.66,4.82
200501,-3.4,-3.02,-3.2,-1.67,-3.2,-0.73,-0.85,-3.22,-0.75,-0.77
200502,0.93,1.24,6.24,2,1.83,3.44,0.81,1.66,3.63,5.96
200503,-1.18,-1.56,-1.84,-4.63,-1.5,-0.75,-1.62,0.57,-0.99,-0.25
200504,-1.95,-1.5,-2.92,-2.32,-3.32,-3.96,-2,-2.45,-2.87,-4.17
200505,4.16,4.46,2.08,4,3.11,3.42,2.81,3.82,4.6,5.93
200506,-1.02,-1.27,1.61,1.55,3.37,1.93,2.04,2.71,3.23,4.73
200507,4.89,4.85,4.36,3.23,2.35,3.81,3.12,4,4.12,5.63
200508,-1.8,-1.68,-0.08,-2.16,0.27,-0.89,-0.62,1.3,-0.23,-1.92
200509,0.59,-0.87,1.98,-0.04,2.29,1.89,0.72,1.48,2.41,0.2
200510,-1.07,-0.17,-3.72,-2.82,-3.04,-0.61,-0.91,-2.72,-1.27,-2.89
200511,3.61,4.43,4.65,3.96,4.22,3.44,3.87,3.43,3.06,2.2
200512,-0.9,-0.4,-0.78,1.36,1.1,0.7,1.11,0.41,-0.31,-0.1
200601,1.71,2.38,2.86,5.89,3.31,4.08,3.81,5.5,4.33,5.41
200602,-0.06,0.28,-0.82,1.61,-1.08,1.38,0.91,-1.04,-0.35,-1.13
200603,1.76,1.02,3.27,1.41,2.37,2.02,0.57,2.62,1.37,3.25
200604,-0.09,-0.85,1.25,1.82,1.88,1.13,3.6,1.05,4.92,2.14
200605,-3.13,-3.64,-2.8,-4.08,-2.9,-2.89,-2.89,-1.08,-3.07,-1.98
200606,0.08,0.37,-1.21,-0.02,-0.41,1.55,-0.33,0.82,0.62,0.72
200607,-2.68,-1.04,0.78,-0.93,-0.23,1.86,1.88,-0.44,1.45,-1.87
200608,3.68,3.42,2.72,2.73,3.12,1.24,1.37,0.11,0.31,3.65
200609,2.83,1.81,2.7,2.16,1.25,2.59,2.6,1.15,3.01,2.2
200610,4.45,3.19,2.93,2.2,3.35,3.28,3.84,4.5,4.6,3.37
200611,1.94,1.11,2.95,2.72,1.83,2.51,1.97,2.62,1.66,1.5
200612,-0.86,0.7,1.21,0.47,3.49,1.94,1.67,3.17,2.86,2.59
200701,2.8,2.35,0.33,2.51,1.59,1.19,1.65,0.26,2.04,3.12
200702,-2.32,-1.71,-1.36,-0.14,-2.15,-2.46,-0.82,-0.86,-2.11,0.42
200703,1.26,0.53,0.95,1.43,1.64,2.19,1.61,0.25,0.17,1.29
200704,4.66,5.65,3.44,4.5,3.83,3.73,2.04,2.94,3.65,3.51
200705,3.35,2.98,3.7,4.77,3.59,4.85,2.77,3.9,2.62,3.2
200706,-1.99,-1.2,0.31,-1.67,-2.49,-1.67,-3.03,-2.22,-3.13,2.24
200707,-0.59,-2.37,-1.99,-2.76,-5.66,-2.5,-6.04,-5.5,-5.79,-6.43
200708,1.73,1.65,1.27,3.25,1.7,1.11,2.1,0.82,0.2,-1.81
200709,5.22,4.6,4.52,1.55,2.66,2.21,1.95,2.21,2.27,3.7
200710,6.12,2.2,0.55,3.97,1.13,1.32,-0.98,2.47,0.48,-2.2
200711,-5.2,-2.26,-2.44,-4.34,-6.49,-4.74,-7.01,-3.56,-5.47,-6.86
200712,-0.05,-0.36,-0.96,-0.27,-1.43,-0.16,-1.43,-1.82,-0.23,1.26
200801,-9.13,-6.97,-5.09,-6.91,-3.6,-6.19,-3.54,-3.04,-2.65,-7.19
200802,-5.17,0.41,-2.25,-1.21,-4.94,-1.75,-5.88,-3.39,-3.99,-6.86
200803,0.84,-1.3,2.8,0.14,-2.97,-3.29,-2.45,-3.2,-1.17,3.67
200804,4.38,4.91,1.39,3.96,6.85,7.19,4.93,3.6,6.13,3.82
200805,3.2,3.17,0.6,2,0.08,4.53,-1.61,1.82,1.78,3.18
200806,-8.23,-4.48,-9.34,-8.41,-7.96,-8.26,-13.52,-10.96,-8.84,-12.73
200807,-1.51,-1.2,0.16,-3.08,0.51,-4.27,-3.67,8,5.86,1.17
200808,1.27,1.17,2.36,0.73,2.65,2.07,-1.2,1.32,2.12,5.78
200809,-11.46,-9,-8.94,-10.22,-7.76,-7.55,-15.45,-0.71,-4.65,-10.21
200810,-15.61,-16.44,-15.3,-17.33,-13.91,-18.08,-24.28,-24.81,-15.48,-23.92
200811,-9.93,-3.22,-6.34,-5.18,-4.95,-10.42,-8.57,-15.55,-15.84,-16.74
200812,1.74,2.08,1.64,2.7,2.37,-0.76,0.03,0.29,4.73,4.06
200901,-3.74,-3.94,-9.16,-7.89,-11.73,-8.03,-8.26,-21.81,-14.19,-22.3
200902,-5.22,-9.43,-9.47,-10.64,-10.72,-13.59,-14.36,-19.27,-12.57,-16.5
200903,9.36,7.55,8.28,8.21,9.42,9.37,8.07,14.39,10.75,14.49
200904,9.66,6.24,9.43,7.3,11.99,12.99,14.29,15.71,17.11,25.17
200905,5.3,4.21,3.89,7.2,4.17,5.39,7.63,4.97,5.85,6.3
200906,2.92,0.96,-0.96,-0.76,0.54,-1.23,-2.8,1.59,-0.9,-1.15
200907,5.58,6.98,8.76,8.87,8.95,6.78,8.95,10.29,11.49,10.64
200908,0.92,1.46,3.53,3.69,2.23,4.36,6.44,5.81,8.8,18.59
200909,4.31,3.59,2.22,5.46,3.85,3.47,6.7,5.35,7.09,2.1
200910,-0.39,-0.52,-1.81,-2.79,-1.85,-4.32,-4.72,-5.09,-5.75,-12.44
200911,6.5,6.81,5.62,5.08,3.49,3.52,5.77,2.88,3.82,6.33
200912,2.52,0.76,4.38,2.03,3.54,7.15,3.46,3.45,3.74,1.48
201001,-4.01,-4.27,-4.4,-2.85,-0.4,-3.3,-1.28,-6.71,-1.57,-0.83
201002,2.66,3.01,3.99,1.8,4.26,3.2,4.21,5.2,4.27,8.92
201003,4.88,5.96,4.91,7.46,4.42,8.83,6.8,6.5,8.59,10.39
201004,0.82,0.87,1.54,4.39,1.24,3.09,2.75,0.46,6.01,5.08
201005,-7.89,-6.4,-7.94,-7.99,-8.16,-9.13,-8.58,-7.36,-8.79,-10.09
201006,-4.01,-4.12,-6.11,-6.74,-2.43,-6.87,-7.76,-7.82,-9.11,-11.96
201007,6.84,7.54,5.38,6.48,5.89,8.73,9.26,6.05,6.89,4.76
201008,-3.53,-4.98,-4.2,-3.88,-4.85,-0.88,-8.66,-5.12,-6.09,-10.24
201009,10.98,10.43,8.78,9.77,8.68,8.82,10.43,6.39,8.73,8.17
201010,5.07,4.11,4.28,4.29,4.33,3.39,3.63,1.2,3.21,-1.6
201011,0.36,-0.47,2.96,1.97,0.16,-0.41,1.59,0.49,-1.17,-1.47
201012,5.05,4.73,5.56,7.62,6.37,7.53,10.18,8.08,7.97,16.04
201101,0.86,2.2,3.24,2.59,1.33,1.71,3.62,2.96,1.75,2.32
201102,2.89,1.85,3.34,5.32,3.79,5.39,3.18,5.36,5.81,2.48
201103,1.5,-0.29,-0.61,2.15,1.53,2.46,-0.31,-0.72,-0.2,-2.84
201104,3.6,3.5,4.26,3.18,3.21,3.12,0.76,0.99,3.04,-0.38
201105,0.23,-1.04,-1.38,-1.64,-1.19,-0.94,-2.28,-3.23,-1.25,-4.32
201106,-0.82,-1.86,-2.06,-1.46,-2.2,-1.77,-1.86,-1.63,-2.04,-3.37
201107,1.09,-3.28,-1.62,-2.97,-2.42,-1.94,-4.79,-2.54,-3.65,-6.79
201108,-4.01,-5.78,-3.25,-7.67,-6.37,-8.5,-3.57,-5.66,-8.83,-13.38
201109,-5.54,-9.15,-5.72,-6.67,-6.96,-9.81,-6.46,-7.02,-10.76,-15.7
201110,9.18,12.25,9.53,13.41,12.12,14.32,9.03,10.83,13.44,15.3
201111,-0.39,-0.71,0.78,1.06,1.87,-0.8,1.06,0.21,-2.66,-7.14
201112,-0.61,-1.23,1.58,0.47,1.13,3.39,3.05,1.71,2.23,-1.04
201201,7.97,6.9,1.05,5.1,3.94,3.41,1.4,3.79,5.67,11.56
201202,6.63,2.68,3.3,3.25,1.96,4.8,4.24,4.78,5.75,7.11
201203,4.59,2.65,3.08,1.07,1.25,0.98,2.46,4,4.91,7.56
201204,0.03,-0.58,-1.35,0.07,-0.46,-1.31,0.13,-1.12,-1.82,-5.86
201205,-6.11,-7.01,-3.07,-7.71,-6.3,-5.85,-3.04,-4.24,-9.84,-11.6
201206,3.18,2.23,3.78,4.38,4.06,5.8,4.35,4.79,4.68,6.39
201207,0.86,0.71,1.91,2.29,-0.5,2.06,0.29,1.08,-2.65,-1.33
201208,2.78,1.91,2.52,2.65,3.87,0.37,0.77,2.23,4.7,6.66
201209,1.91,1.94,2.07,3.03,2.46,4.21,3.12,3.31,3.23,5.82
201210,-4.81,-1.43,-0.72,-1.67,-1.7,-2.81,-0.42,-0.44,-1.36,4.21
201211,1.49,1.34,0.34,1.67,0.04,-0.31,-0.55,0.65,0.89,-1.51
201212,-1.58,0.63,1.12,0.45,2.15,1.46,2.32,3.18,3.67,7.43
201301,2.35,6.06,5.73,5.92,6.6,5.41,6.97,6.96,6.94,7.67
201302,0.79,1.29,2.17,-0.09,1.57,1.99,2.62,1.61,1.66,0.82
201303,3.54,4.49,3.34,4.06,3.97,3.31,5.59,4.19,5.02,3.55
201304,1.34,2.64,1.14,1.03,2.3,0.22,0.83,1.58,1.32,2.33
201305,1.27,2.15,3.05,2.11,2.1,1.58,1.14,5.38,4.35,9.36
201306,-2.71,-1.66,-0.49,-0.59,-0.58,0.27,-0.33,-0.68,-1.78,-2.39
201307,6.35,6.57,4.33,4.68,4.53,5.7,5.82,5.3,6.48,7.86
201308,-2.3,-0.76,-2.08,-2.83,-3.69,-3.3,-3.11,-4.28,-4.54,-4.01
201309,5.71,3.69,3.2,3.08,3.54,3.29,4.11,2.75,3.17,2.67
201310,3.45,5.04,3.55,5.05,4.23,5.12,3.91,3.43,4.64,3.4
201311,3.12,3.2,3.83,2.9,0.78,2.85,1.46,2.27,4.81,7.02
201312,2.34,2.86,1.19,4.46,3.08,3.83,2.73,2.07,2.76,1.39
201401,-3.01,-3.98,-2.56,-2.85,-1.76,-4.92,-4.87,-3.52,-4.37,-3.74
201402,5.49,5.06,4.38,6.07,2.83,4.25,4.93,4.21,3.45,2.8
201403,-3.22,-0.43,1.35,-0.89,1.93,1.77,1.63,4.93,4.33,2.76
201404,-1.51,1.96,-0.43,-0.03,0.68,0.86,1.28,0.94,-1.98,-2.65
201405,2.33,3.46,1.15,1.64,2.77,1.79,1.51,1.13,1.83,0.78
201406,1.98,1.93,1.77,1.97,3.95,1.78,4.64,2.33,3.57,3.8
201407,-1.02,-3.48,-1.01,-2.94,-2.5,-0.24,-3.19,-3.63,-1.66,-2.8
201408,6.07,3.99,4.38,4.71,2.84,2.8,2.66,3.42,5.1,4.79
201409,-1.15,-1.4,-0.94,-2.46,-2.24,-2.28,-4.95,-4.11,-1.85,-1.1
201410,2.55,3.45,3.19,1.66,3.23,1.78,0.18,2.42,2.17,0.83
201411,2.75,4.16,3.92,2.13,1.75,4.19,-0.02,-0.26,0.91,-0.23
201412,-1.04,-0.35,-1.78,0.76,0.9,-0.63,0.36,2,2.23,2.18
201501,0.6,-2.62,-2.66,-2.73,-3.61,-4.03,-3.14,-4.5,-4.9,-10.61
201502,6.63,5.92,6.87,4.74,6.79,6.84,4.79,4.31,4.99,7.5
201503,-0.91,-0.13,-2.07,-0.51,-1.01,-2.08,-1.46,-0.59,-1.31,-0.85
201504,0.23,-1.16,0.9,0.67,-0.62,2.13,2.61,0.91,0.92,2.27
201505,2.15,1.54,0.51,1.67,1.63,1.45,1.75,0.14,1.1,1.74
201506,0.46,-1.42,-3.31,-1.61,-1.64,-1.56,-2.65,-2.66,-1.65,1.76
201507,4.27,1.11,2.7,2.81,1.05,-1.01,-0.73,-0.46,-0.84,-0.7
201508,-6.31,-6.42,-6.21,-6.48,-6.35,-4.17,-4.1,-5.6,-6.5,-6.81
201509,-3,-1.87,-2.36,-4.02,-2.69,-2.04,-2.35,-2.59,-4.86,-6.46
201510,8.28,7.58,7.74,9.1,8,8.72,5.81,5.18,6.54,8.12
201511,0.53,0.33,1.32,-0.63,-0.28,0.45,1.37,0.47,3.58,2.1
201512,-0.4,-3.29,-0.85,-2.08,-3.13,-1.55,-4.12,-2.63,-4.82,-5.12
201601,-7.79,-5.74,-2.31,-5.98,-6.62,-3.4,-4.97,-4.04,-9.87,-12.39
201602,-0.08,0.7,-0.58,0.78,1.05,1.31,-1.41,1.64,-2.9,-7.31
201603,6.15,7.32,6.54,6.46,7.62,6.75,7.09,8.4,7.02,9.85
201604,0.91,-1.89,-0.97,-0.6,2.81,1.97,2.72,2.39,5.34,8.18
201605,1.88,2.08,2.69,1.4,3.64,1.21,0.8,-0.64,2.14,0.94
201606,0.17,-0.31,0.15,-0.58,-0.5,3.68,-0.71,1.57,-4.43,-6.52
201607,3.94,7.14,4.28,3.19,3.75,0.98,1.38,2.33,4.49,5.89
201608,-1.6,0.87,-0.3,0.23,1.3,-0.27,1.52,2.72,3.57,6.51
201609,0.09,1.18,0.52,-0.05,1.35,0.33,-1.92,-1.03,0.48,-0.04
201610,-3.54,-1.73,-0.66,-3.85,-1.33,-3.08,-0.32,-0.43,1.65,-0.23
201611,2.56,0.42,3.85,5.25,4.1,7.33,6.38,9.72,12.44,19.97
201612,0.93,1.23,1.88,0.56,0.79,3.51,4.05,3.26,3.68,4.06
201701,2.62,4.26,2.74,2.24,0.15,-0.5,0.99,0.75,0.21,-0.47
201702,3.86,5.69,3.09,2.68,4.06,0.38,3.02,3.22,3.27,4.67
201703,0.8,2.19,0.44,0.13,0.11,-0.78,-0.69,-1.24,-3.04,-2.7
201704,2.12,1.73,2.34,1.25,1.84,-0.88,0.22,-0.56,-0.56,-1.32
201705,2.42,2.93,3.08,0.1,1.33,-1.17,-0.63,-0.81,-2.46,-2.67
201706,0.2,-0.29,0.22,0.99,-0.23,0.38,2.05,2.77,4.25,6.26
201707,2.2,2.57,2.5,1.46,1.91,0.81,2.42,1.75,2.47,1.71
201708,0.35,3.64,-0.45,0.47,0.01,-1.51,-0.49,-0.51,-1.55,-2.48
201709,2.18,0.49,1.77,1.83,3.97,4.84,2.23,4.65,5.05,5.97
201710,2.88,5.08,0.82,1.34,4.81,-0.86,-0.12,1.51,3.14,4.45
201711,4.02,2.65,3.09,2.32,4.4,4.43,1.66,3.62,3.25,2.13
201712,1.33,0.56,0.99,1.72,1.51,0.81,-1.45,2.26,0.89,2
201801,9.49,5.34,3.32,7.42,5.36,4.1,2.45,4.88,5.06,4.76
201802,-2.52,-0.57,-5.16,-4.42,-4.85,-5.01,-4.54,-5.66,-1.84,-3.61
201803,-2,-2.66,-2.03,-4.59,-0.55,-1.39,1.48,-2.27,-2.66,-4.28
201804,0.68,-0.45,1.97,-0.57,0.53,1.38,-0.16,1.01,-0.37,1.54
201805,3.42,5.95,2.24,3.48,2.04,1.2,2.37,0.97,0.46,-1.43
201806,1.51,0.3,1.75,0.93,-0.36,0.27,1.06,-0.33,-2.03,-1.37
201807,3.46,1.99,4.71,4.78,3.72,2.89,1.11,4.28,4.3,3.37
201808,6.31,6.5,2.02,2.93,2.28,1.25,1.1,0.71,1.48,1.32
201809,1.01,0.14,0.18,2.11,-0.53,-1.22,0.12,-2.07,-2.14,-0.03
201810,-11.06,-6.63,-5.91,-6.41,-6.52,-5.69,-6.93,-4.63,-7.02,-10.55
201811,3.24,-1.86,2.9,2.93,3.77,1.05,1.49,2.86,0.93,0.64
201812,-8.14,-9.59,-7.84,-8.25,-11.56,-9.3,-10.6,-10.99,-12.72,-13.28
201901,8.85,8.33,7.5,6.62,9.28,11.2,7.48,7.33,12.99,12.26
201902,4.52,4.02,2.28,5.09,4.21,3.78,2.95,1.07,2.37,1.49
201903,2.93,2.96,1.71,1.08,0.5,-0.79,-0.45,-1.52,-3.09,-3.56
201904,4.1,4.39,3.07,3.53,5.22,2.79,2.7,6.79,7.71,5.33
201905,-6.11,-7.64,-5.18,-7.17,-6.61,-4.86,-8.64,-8.25,-9.36,-7.42
201906,6.68,9.13,5.16,8.34,6.96,6.58,5.77,7.31,7.47,7.3
201907,1.24,2.07,2.19,1.02,1.48,1.46,-0.37,2.24,2.61,0.63
201908,0.36,-1.91,-2.61,-3.04,-4.08,-3.34,-3.63,-4.45,-8.13,-10.44
201909,-1.13,1.73,0.93,3.38,3.23,3.79,4.49,6.14,4.94,6.52
201910,2.23,4.21,1.67,2.21,0.89,3.39,1.03,2.82,2.57,0.35
201911,4.39,4.21,4.78,3.44,2.19,2.79,3.9,1.46,4.83,3.27
201912,2.62,4.2,1.39,3.09,3.17,2.77,2.44,4.07,4.25,5.26
202001,3.46,0.4,-0.1,0.57,-0.44,-2.54,-5.44,-4.81,-4.34,-7.02
202002,-5.94,-8.52,-7.16,-9.48,-9.32,-9.35,-11.13,-9.36,-10.83,-13.99
202003,-8.6,-8.37,-11.33,-14.94,-17.11,-17.47,-20.85,-24.64,-27.54,-34.46
202004,15.12,13.33,14.64,11.8,8.94,12.47,10.94,11.97,16.49,18.01
202005,5.99,6.62,5.99,6.04,4.35,4.18,0.81,3.43,3.43,3.62
202006,5.77,3.54,-0.3,-1.19,0.69,-1.57,-1.44,0.66,1.14,4.38
202007,7.93,6.81,5.49,3.95,5.31,3.39,0.3,3.93,2.03,5.49
202008,11.98,6.83,5.18,4.98,2.89,3,0.7,6.06,4.67,2.95
202009,-4.99,-2.86,-2.88,-1.84,-1.02,-3.52,-5.07,-3.82,-5.07,-7.2
202010,-4.45,-2.35,1.57,-1.29,-0.03,1.51,-1.76,0.15,1.46,4.91
202011,10.84,11.37,9.66,13.2,13.43,16.94,16.32,16.38,21.68,21.24
202012,6.16,3.5,1.69,5.61,2.92,5.88,3.73,5.38,8.47,3.82
202101,-1.06,-0.18,1.06,-0.63,-2.01,0.82,2.19,0.6,2.89,10.56
202102,-1.04,1.86,3.32,5.71,4.15,11.41,8.79,10.05,13.36,7.91
202103,0.75,3.96,4.07,3.53,6.33,4.12,6.22,7.51,6.57,7.58
202104,6.33,4.75,6.55,2.11,4.48,3.89,2.88,5.27,4.51,2.69
202105,-2.33,0.86,0.35,0.85,1.95,3.56,2.39,4.45,6.52,9.22
202106,7.09,2.52,1.62,-0.14,-1.63,-2.04,-1.17,-3.81,-3.37,-2.86
202107,2.99,1.7,3.49,0.69,0.26,-1.19,-1.38,-1.14,-4.21,-2.74
202108,3.59,2.2,4.43,1.98,0.14,2.49,1.25,1.82,4.04,4.54
202109,-5.33,-4.72,-6.16,-5.4,-3.85,-3.64,-1.47,-1.44,1.1,1.06
202110,9.21,6.32,5.99,4.01,0.7,4.51,4.6,5.71,6.74,4.96
202111,1.45,-3.21,-3.09,-2.33,-3.6,-1.41,-5.31,-2.94,-5.56,-6.09
202112,0.83,5.62,4.59,6.64,5.98,6.48,4.78,6.67,2.85,2.18
202201,-8.48,-7.74,-7.32,-5.29,-3.56,-2.98,-1.08,3.39,5.43,6.3
202202,-3.12,-2.97,-4.75,-0.39,0.14,1.09,0.24,0.47,0.58,0.69
202203,4.48,4.47,3.65,2.02,2,1.74,1.39,4.64,-0.85,-1.65
202204,-12.42,-6.2,-9.68,-7.54,-6.63,-6.98,-5.93,-5.64,-6.85,-6.33
202205,-3.22,-2.68,-1.32,2.46,2.45,3.38,6.99,4.34,6.95,6.15
202206,-8.01,-6.72,-5.7,-6.57,-8.76,-9.27,-11.19,-11.87,-11.82,-14.2
202207,14.33,8.09,7.06,5.6,6.07,4.85,6.07,9.27,7.34,6.35
202208,-5.09,-4.92,-2.98,-3.26,-0.82,-3.74,-0.22,-0.78,-2.81,-1.15
202209,-9.99,-9.82,-6.13,-6.2,-9.69,-11.79,-8.73,-9.33,-7.46,-10.2
202210,4.78,6.34,6.74,10.56,10.72,9.3,12.38,16.76,12.66,14.84
202211,4.13,6.03,6.39,5.61,3.36,5.99,5.9,4.2,5.31,3.99
202212,-8.52,-6.46,-4.25,-3.66,-3.87,-4.61,-4.85,-4.18,-5.89,-5.18
202301,9.51,7.11,3.53,4.22,6.19,8.51,5.34,4.63,6.02,6.78
202302,-0.12,-5.04,-1.58,-3.79,-3.57,-4.25,-3.19,-4.33,-2.81,-2.76
202303,8.18,5.32,3.16,0.08,-2.63,2.18,-4.9,-3.07,-7.35,-9.73
202304,0.54,1.97,1.41,-0.73,0.5,0.45,1.65,1.28,2.64,0.83
202305,6.23,1.77,-0.5,-3.09,-4.25,-4.46,-4.69,-7.6,-4.36,-6.13
202306,8.15,4.14,6.9,4.53,6.66,7.19,6.29,6.62,5.64,7.32
202307,2.16,2.82,6.29,4.44,4.67,3.41,6.22,7.12,8.01,6.47
202308,-0.9,-1.29,-0.99,-2.7,-2.3,-4.02,-3.44,-4,-5.96,-6.9
202309,-5.89,-5,-4.46,-4.51,-0.95,-4.66,-2.87,-4.07,-2.75,-5.76