Month,Alpha NW T-stat,Beta NW T-stat
01/06/1936,0.63562825,-0.642511979
01/07/1936,-0.552223948,2.604652335
01/08/1936,1.00593921,-0.585476206
01/09/1936,1.212705068,-0.108516531
01/10/1936,-0.828399733,3.642966844
01/11/1936,0.885127634,0.690432633
01/12/1936,-3.722977681,4.823347775
01/01/1937,0.05393854,1.636574354
01/02/1937,0.076887889,0.253750466
01/03/1937,-1.348305557,1.002724352
01/04/1937,0.153907651,-5.471225897
01/05/1937,1.088353434,-1.716721533
01/06/1937,-0.949176262,-3.278082674
01/07/1937,0.503996855,2.156666473
01/08/1937,-0.105873501,-1.729181418
01/09/1937,-1.309228037,-10.15324333
01/10/1937,-0.805214202,-5.079448759
01/11/1937,-2.988227852,0.524581405
01/12/1937,0.438590127,-2.599464755
01/01/1938,1.790601269,-0.712699023
01/02/1938,-0.083403663,1.941225644
01/03/1938,-6.439008673,-5.017661992
01/04/1938,3.18129263,2.625589754
01/05/1938,2.044427888,-4.77948806
01/06/1938,1.787416845,4.679787016
01/07/1938,1.327731107,1.96800014
01/08/1938,0.037889505,-2.217323479
01/09/1938,-0.478925115,-0.379183838
01/10/1938,-1.150086516,2.441838379
01/11/1938,2.184253417,-3.040077043
01/12/1938,-2.853328386,3.561287726
01/01/1939,1.273969548,-5.440589618
01/02/1939,0.991486512,0.471818151
01/03/1939,4.588215578,-12.92872451
01/04/1939,-1.170320091,1.229463004
01/05/1939,2.572223181,0.402262573
01/06/1939,2.150955102,-4.902164999
01/07/1939,0.129696222,5.182219898
01/08/1939,-1.516750095,-2.655439769
01/09/1939,-1.342934271,3.496019226
01/10/1939,6.704453271,-8.647827275
01/11/1939,3.673790016,-6.020056134
01/12/1939,1.500051565,-0.71115448
01/01/1940,1.8278011,-2.416110204
01/02/1940,0.640138829,0.280230462
01/03/1940,1.770538026,-0.94673206
01/04/1940,-0.302330544,0.33839722
01/05/1940,-11.18534918,-4.509828602
01/06/1940,0.793316368,0.964152817
01/07/1940,0.361436712,2.0536392
01/08/1940,1.794651099,-1.012908748
01/09/1940,0.099337436,1.822549674
01/10/1940,-0.469225096,2.113192695
01/11/1940,2.906406282,-2.69510969
01/12/1940,-0.290770737,-0.155345207
01/01/1941,0.875368549,-0.833163407
01/02/1941,-1.695066246,0.073180781
01/03/1941,1.582119085,-0.502348236
01/04/1941,-1.628768788,-0.560242291
01/05/1941,0.052374673,0.266531763
01/06/1941,1.169673287,0.162762678
01/07/1941,-0.314191628,1.77865798
01/08/1941,1.303679703,-1.286402628
01/09/1941,3.000981668,-4.08961184
01/10/1941,0.019595414,-1.489086326
01/11/1941,0.244689514,-1.770233285
01/12/1941,-0.738845952,-0.743368135
01/01/1942,-1.266431894,2.10793314
01/02/1942,0.0094262,-0.613886093
01/03/1942,-3.580938128,1.974319177
01/04/1942,-1.62390027,0.402342298
01/05/1942,6.762932032,-4.431899969
01/06/1942,5.160337826,-3.111029254
01/07/1942,-0.907500371,2.125749441
01/08/1942,0.561630575,-0.171164253
01/09/1942,-0.344678557,1.530733588
01/10/1942,1.26007545,0.54001504
01/11/1942,3.06778762,-2.716335571
01/12/1942,1.731852775,-0.832474612
01/01/1943,-0.55243598,1.516254174
01/02/1943,-1.355270166,2.742026835
01/03/1943,1.303957688,0.608115136
01/04/1943,1.836500644,-0.36139469
01/05/1943,1.118199918,2.335114013
01/06/1943,2.379340367,-1.711460915
01/07/1943,1.716393035,-4.775831485
01/08/1943,0.593104577,-0.535469133
01/09/1943,4.090223421,0.52620684
01/10/1943,-0.317740777,0.661540239
01/11/1943,-0.661498097,-3.461662496
01/12/1943,2.632861212,3.091088489
01/01/1944,-0.613630215,1.942653661
01/02/1944,-0.133489838,0.153036827
01/03/1944,2.030181434,0.582057811
01/04/1944,-1.785642762,-0.686696895
01/05/1944,4.065584066,1.428446017
01/06/1944,0.115119154,1.66866587
01/07/1944,-1.175741278,-0.039486302
01/08/1944,-0.291100686,1.30469632
01/09/1944,2.196144408,-1.695826605
01/10/1944,1.057597521,-0.717076313
01/11/1944,0.117109596,0.715193969
01/12/1944,-0.91453035,1.658731596
01/01/1945,-1.250582081,1.905957417
01/02/1945,2.945696007,0.074870963
01/03/1945,0.751668969,-5.030600965
01/04/1945,2.158703112,1.332633275
01/05/1945,2.126504771,-1.067833943
01/06/1945,-2.398697655,5.541736796
01/07/1945,-3.245740497,1.932582941
01/08/1945,6.355456415,-1.610673271
01/09/1945,-0.036972763,1.913823759
01/10/1945,2.541112899,-0.49779802
01/11/1945,-0.251012549,2.957948882
01/12/1945,1.651950151,-0.254288674
01/01/1946,-2.723171062,5.811550974
01/02/1946,-1.747613333,-4.077510744
01/03/1946,3.805826053,-1.912758805
01/04/1946,4.699009476,-1.210071504
01/05/1946,2.65569155,-0.798916872
01/06/1946,-0.493089915,-2.126279709
01/07/1946,-1.42802028,0.649892525
01/08/1946,-2.802794334,-6.02951365
01/09/1946,-4.867236228,-1.384191816
01/10/1946,-2.776151514,1.650637711
01/11/1946,3.236701039,-4.031827132
01/12/1946,4.622944561,-2.974691542
01/01/1947,-0.598757324,1.559110091
01/02/1947,-1.660395433,1.353857375
01/03/1947,-0.350439604,-2.060277454
01/04/1947,-2.953081514,-2.200412732
01/05/1947,-2.457396509,-1.224845903
01/06/1947,1.367808653,1.545494722
01/07/1947,2.898919977,-0.222015212
01/08/1947,-0.576344122,-1.058609268
01/09/1947,3.147461332,-3.916939109
01/10/1947,1.977985298,-0.52103013
01/11/1947,0.338131337,-3.372782689
01/12/1947,-1.590611781,1.728258325
01/01/1948,-1.018710539,0.417957272
01/02/1948,-0.923211771,-4.636965655
01/03/1948,1.326254268,0.6220496
01/04/1948,1.61253363,-0.212730975
01/05/1948,1.359615534,3.019277217
01/06/1948,0.263251837,-1.050264534
01/07/1948,-0.755750751,-1.857545084
01/08/1948,-1.450201486,1.44834217
01/09/1948,-0.490256736,-1.681195946
01/10/1948,0.828049172,1.176662179
01/11/1948,-0.868768929,-3.725354107
01/12/1948,0.793325463,-0.398423488
01/01/1949,2.285024004,-1.668650918
01/02/1949,0.74174106,-2.897367955
01/03/1949,0.22051312,2.016798607
01/04/1949,-1.075053853,-0.139268951
01/05/1949,1.200566653,-3.582752506
01/06/1949,-1.138572255,0.801701815
01/07/1949,2.384147051,0.282477714
01/08/1949,0.003281704,1.08152169
01/09/1949,1.150312618,0.857224511
01/10/1949,1.39813444,-0.132515643
01/11/1949,0.653540417,-0.332608975
01/12/1949,0.847904607,1.190377181
01/01/1950,0.287590829,0.824490538
01/02/1950,2.533957304,-1.636688486
01/03/1950,0.499092766,-0.83626852
01/04/1950,-1.787312829,3.316663647
01/05/1950,3.485020875,-2.112340156
01/06/1950,-1.742537703,-5.205115352
01/07/1950,-1.075016714,1.628355505
01/08/1950,0.909392865,1.503167556
01/09/1950,1.56966722,0.048802615
01/10/1950,0.438289942,-0.419881927
01/11/1950,-0.351598738,1.187112662
01/12/1950,-0.180834706,2.82665771
01/01/1951,0.185894206,1.580232764
01/02/1951,1.528914927,-0.948864542
01/03/1951,0.334470434,-2.210642804
01/04/1951,-1.478725882,3.193367498
01/05/1951,0.936221887,-3.726509588
01/06/1951,1.595441332,-3.375100549
01/07/1951,0.610699845,2.258429987
01/08/1951,-0.760061561,3.936596781
01/09/1951,-1.384488347,2.94338082
01/10/1951,-0.621145923,-0.89893165
01/11/1951,0.448667042,-0.004757447
01/12/1951,0.279457486,0.616699713
01/01/1952,3.57926234,-1.477914409
01/02/1952,0.70918122,-2.13789339
01/03/1952,-0.10516021,1.213287839
01/04/1952,0.353848302,-2.395281366
01/05/1952,1.962313162,0.242629818
01/06/1952,-0.95167879,3.10279294
01/07/1952,-0.04112926,0.618039217
01/08/1952,2.914344544,-2.247387874
01/09/1952,0.969449746,-1.925001813
01/10/1952,-1.789903578,0.699647519
01/11/1952,2.869811663,1.155317907
01/12/1952,-0.622407695,1.797353555
01/01/1953,2.830039957,-0.276092042
01/02/1953,2.094753958,-1.499999677
01/03/1953,0.024878811,-0.391348595
01/04/1953,-0.851122673,-0.736740844
01/05/1953,0.404427825,-0.012577184
01/06/1953,-1.390343182,-1.696753229
01/07/1953,1.450498556,-0.271413537
01/08/1953,1.329927169,-5.202544086
01/09/1953,-0.587238449,-0.79948891
01/10/1953,-0.375339461,2.467742846
01/11/1953,3.061668312,-1.298393077
01/12/1953,2.567716685,-4.555476155
01/01/1954,0.785306245,3.913421635
01/02/1954,0.973284046,0.422964878
01/03/1954,-1.991781336,3.43920778
01/04/1954,-0.98406738,1.849038091
01/05/1954,-0.237898891,4.475914929
01/06/1954,0.877074534,0.067962712
01/07/1954,3.853127532,-0.199026459
01/08/1954,1.702724548,-2.902897107
01/09/1954,2.055265836,1.945085927
01/10/1954,-2.694014618,1.92975127
01/11/1954,0.453377658,5.509739872
01/12/1954,3.674483639,1.601318936
01/01/1955,0.703941578,0.155180118
01/02/1955,-1.392726859,4.182073678
01/03/1955,-1.890220921,1.739706953
01/04/1955,2.671942948,-1.172732802
01/05/1955,-1.037634617,1.498120526
01/06/1955,-0.752085699,2.605089629
01/07/1955,1.704550538,-1.681203791
01/08/1955,-3.770044483,2.897984019
01/09/1955,-2.964281583,0.967618163
01/10/1955,-0.808943529,-0.853024244
01/11/1955,-1.371448154,5.598523015
01/12/1955,-0.47865516,2.206462482
01/01/1956,0.166646454,-2.013403806
01/02/1956,-0.803445971,3.281436557
01/03/1956,0.045554504,1.538769392
01/04/1956,-1.609678584,2.144500364
01/05/1956,0.666315445,-4.165017498
01/06/1956,0.329294351,2.243445602
01/07/1956,-0.637967064,3.541857326
01/08/1956,1.125703931,-2.199654196
01/09/1956,-1.950893378,-2.232709486
01/10/1956,0.176999739,0.472307819
01/11/1956,-0.624328962,0.840468084
01/12/1956,-0.49600708,2.071241552
01/01/1957,4.395545271,-2.86653745
01/02/1957,0.323019033,-3.778010905
01/03/1957,1.80253568,0.4649407
01/04/1957,2.051810628,0.095128386
01/05/1957,-1.836643982,3.05870537
01/06/1957,-0.287225708,0.067036375
01/07/1957,-0.585141037,0.9551556
01/08/1957,-0.063175941,-3.845006003
01/09/1957,1.219978976,-7.753310479
01/10/1957,-0.912048992,-4.41211618
01/11/1957,2.075151882,-0.853786995
01/12/1957,3.75129167,-7.111367587
01/01/1958,4.635605351,4.429725139
01/02/1958,2.739229546,-3.738534529
01/03/1958,2.462331969,-0.238247554
01/04/1958,4.113940543,-1.717536298
01/05/1958,0.888518142,2.22799963
01/06/1958,1.796700393,0.405923531
01/07/1958,0.33942167,1.935003328
01/08/1958,3.493429951,-0.750785965
01/09/1958,2.457140523,1.01802237
01/10/1958,4.114492696,-0.968940152
01/11/1958,4.058136163,-1.013023608
01/12/1958,2.058089382,-0.224535739
01/01/1959,2.704331729,-0.640466812
01/02/1959,0.460709242,1.680034417
01/03/1959,0.935322808,-0.097201038
01/04/1959,1.185368716,0.834418896
01/05/1959,-1.983331149,1.343640068
01/06/1959,0.438226882,0.885055953
01/07/1959,2.225045609,0.72105564
01/08/1959,1.415953428,-2.893597899
01/09/1959,-3.07883725,-2.693732309
01/10/1959,1.460944104,0.331990891
01/11/1959,0.694656082,0.489163647
01/12/1959,0.504812258,1.255591859
01/01/1960,-0.194746644,-6.84401318
01/02/1960,0.935041569,0.040380019
01/03/1960,-0.303111905,-2.237879513
01/04/1960,3.534264527,-5.50452325
01/05/1960,0.134439169,1.17610892
01/06/1960,3.20710497,-2.043699553
01/07/1960,2.428003005,-5.28105666
01/08/1960,3.781603871,-0.446579914
01/09/1960,-2.198489925,-3.469314005
01/10/1960,2.353156553,-5.43200719
01/11/1960,4.199929115,-0.215947349
01/12/1960,2.537229989,0.78764336
01/01/1961,5.015188699,-0.470374078
01/02/1961,2.469141849,0.714160841
01/03/1961,4.688213177,-0.008597862
01/04/1961,-0.103686089,0.950414389
01/05/1961,0.838531622,1.290937702
01/06/1961,0.065154882,-7.466790869
01/07/1961,0.884598247,-0.262111478
01/08/1961,3.547608748,-2.963891075
01/09/1961,0.861093239,-2.927819216
01/10/1961,2.786296053,-1.585744492
01/11/1961,4.894293531,-2.338461497
01/12/1961,-4.525392862,3.727703435
01/01/1962,-2.95745977,2.09161375
01/02/1962,2.308521614,-1.498359932
01/03/1962,0.389078365,-1.20774536
01/04/1962,-1.011347329,-4.176100247
01/05/1962,-8.658404923,-2.693831678
01/06/1962,-1.23303451,-3.984219469
01/07/1962,0.612335311,2.302517794
01/08/1962,1.152941322,0.159845251
01/09/1962,0.17554655,-2.863397555
01/10/1962,-1.56307865,-1.16751013
01/11/1962,0.600556224,5.259402334
01/12/1962,2.264042363,-2.703034139
01/01/1963,3.168579452,-0.24753128
01/02/1963,3.1151806,-4.744541963
01/03/1963,1.747941748,-0.815895917
01/04/1963,2.027624924,-0.097082448
01/05/1963,0.118968057,1.230990776
01/06/1963,-0.734281416,-0.927993985
01/07/1963,0.362306584,-0.889847365
01/08/1963,1.398822919,1.305868604
01/09/1963,0.554214275,-1.261766457
01/10/1963,-1.235673744,2.001155592
01/11/1963,0.297045626,-1.397903812
01/12/1963,1.273413911,-1.827844508
01/01/1964,2.598812599,-1.365130035
01/02/1964,1.152658965,0.091564098
01/03/1964,0.927099298,-0.129715361
01/04/1964,1.392162601,-1.489927657
01/05/1964,1.573781473,-1.265510767
01/06/1964,2.202491647,-2.189149594
01/07/1964,3.238019295,-1.634067842
01/08/1964,1.28762345,-1.771424737
01/09/1964,1.918075748,-0.44493998
01/10/1964,1.33865336,-0.11052108
01/11/1964,1.070773077,-1.302255686
01/12/1964,-1.045937813,-0.015694283
01/01/1965,1.42884287,1.316412328
01/02/1965,0.191267118,1.732679159
01/03/1965,0.416652882,0.16030747
01/04/1965,1.732539947,-0.541322689
01/05/1965,-1.481687525,0.962498879
01/06/1965,-1.970651832,-1.384169016
01/07/1965,0.328358289,1.256263675
01/08/1965,-2.073465671,3.538769621
01/09/1965,-1.278409009,1.905061835
01/10/1965,-1.698082963,2.925389871
01/11/1965,-1.696400223,3.137767766
01/12/1965,0.318374894,1.201707173
01/01/1966,0.580910265,0.93992965
01/02/1966,-1.704347981,2.499728543
01/03/1966,-1.819429388,1.273336944
01/04/1966,-1.124340792,2.196367504
01/05/1966,-0.652603033,-3.006455113
01/06/1966,-2.146770718,1.692445347
01/07/1966,0.831723041,-2.53813465
01/08/1966,-6.078934254,-0.419264308
01/09/1966,2.098679246,-3.612328969
01/10/1966,3.874211883,-4.361075179
01/11/1966,-2.212936235,3.33740408
01/12/1966,-0.225657843,0.908407192
01/01/1967,-0.032474328,3.202281472
01/02/1967,-2.185785006,3.831653769
01/03/1967,0.442284254,1.177974118
01/04/1967,0.19672977,1.100149482
01/05/1967,-0.969294925,0.477501967
01/06/1967,0.305127618,1.038519855
01/07/1967,0.982032501,1.313435588
01/08/1967,-0.528374381,0.686134794
01/09/1967,-1.194808417,2.689811667
01/10/1967,-1.377652669,0.379644795
01/11/1967,1.749493566,-2.174991016
01/12/1967,0.887616257,0.839196091
01/01/1968,0.988374824,-0.682460913
01/02/1968,-1.026964146,-1.97547675
01/03/1968,-0.92187855,-0.031985164
01/04/1968,0.288973401,2.958033294
01/05/1968,-0.151908587,3.022786588
01/06/1968,3.228552404,-3.286671899
01/07/1968,2.152796753,-3.547104785
01/08/1968,1.085093133,-0.302263863
01/09/1968,0.982030752,1.892252919
01/10/1968,2.858589145,-2.880968911
01/11/1968,2.55209874,0.373308346
01/12/1968,-0.875218546,0.944575245
01/01/1969,-0.302647904,0.090354051
01/02/1969,-4.654173895,-3.957800871
01/03/1969,0.127643671,0.66513555
01/04/1969,-0.998996747,1.1905356
01/05/1969,-0.498836104,0.547783086
01/06/1969,-2.345133343,-4.545491217
01/07/1969,-0.26185145,-6.331281821
01/08/1969,0.46181177,1.530084529
01/09/1969,-0.744077691,-0.453014758
01/10/1969,1.362921131,1.876268781
01/11/1969,-0.561199624,-1.76401255
01/12/1969,1.994416226,-4.679969779
01/01/1970,1.290911324,-4.633128445
01/02/1970,3.226277121,-1.983123784
01/03/1970,1.74674032,-3.28457852
01/04/1970,-0.032190167,-5.269519051
01/05/1970,-1.058026454,-1.844921511
01/06/1970,2.537045716,-5.795227153
01/07/1970,3.213180213,-2.189841632
01/08/1970,-1.647133994,3.465273489
01/09/1970,-1.669143983,4.700497069
01/10/1970,5.298316622,-7.426334987
01/11/1970,2.652582076,-3.047984899
01/12/1970,1.362336541,0.940781913
01/01/1971,-1.546607179,7.817098672
01/02/1971,-0.360671618,1.720305482
01/03/1971,-1.981968815,4.597619957
01/04/1971,0.694484705,0.002861236
01/05/1971,-1.141949518,-0.840339691
01/06/1971,0.787997869,-1.912406757
01/07/1971,2.917656013,-7.012762507
01/08/1971,-0.775315053,2.110197277
01/09/1971,-0.999285838,0.397664978
01/10/1971,-1.293994914,-0.789514738
01/11/1971,-0.223804931,-2.360612277
01/12/1971,3.313711794,2.351007252
01/01/1972,-1.452928509,4.469982377
01/02/1972,0.477161097,1.260267127
01/03/1972,-0.009297558,-0.579022027
01/04/1972,0.721695929,-0.648901373
01/05/1972,0.718117735,-2.800481782
01/06/1972,-0.194653258,-1.983785453
01/07/1972,-0.001023943,-1.404714549
01/08/1972,2.446750368,-2.388190881
01/09/1972,-0.385506499,-1.493634927
01/10/1972,2.049167169,-3.071417364
01/11/1972,4.365343362,-2.303437184
01/12/1972,-0.005797601,-1.236673525
01/01/1973,1.765795311,-3.67106493
01/02/1973,3.62708828,-8.80144569
01/03/1973,0.113806135,-1.382241092
01/04/1973,1.158513595,-6.578116956
01/05/1973,0.239900979,-3.712816919
01/06/1973,2.047192277,-3.584727175
01/07/1973,-0.464162854,3.422720556
01/08/1973,0.518864016,-3.26073261
01/09/1973,3.113774789,-0.129435839
01/10/1973,0.946886355,-1.16744864
01/11/1973,0.041590941,-6.901204016
01/12/1973,1.742639066,-3.083548195
01/01/1974,1.203609469,4.990201502
01/02/1974,1.272207529,-1.481338379
01/03/1974,-3.883599567,3.993194049
01/04/1974,-3.05082682,0.323358259
01/05/1974,-2.949534238,-0.591956023
01/06/1974,-0.17998349,-1.586932493
01/07/1974,0.522381275,-3.188735616
01/08/1974,-5.823784836,-1.136952225
01/09/1974,-1.197634741,-1.97596379
01/10/1974,5.488530389,-3.907890728
01/11/1974,-0.826889387,-0.312248856
01/12/1974,-0.482856412,-2.153553004
01/01/1975,4.106008871,1.278020221
01/02/1975,0.05543589,1.547959399
01/03/1975,-3.521710523,5.808167318
01/04/1975,0.292985881,1.049420686
01/05/1975,0.390398334,1.953913637
01/06/1975,0.944536846,0.69675115
01/07/1975,-1.067150526,0.135424169
01/08/1975,-0.549328131,-2.952324825
01/09/1975,-0.061447413,-2.391742574
01/10/1975,1.972401602,-1.710057909
01/11/1975,-0.626231981,1.064630619
01/12/1975,-0.181049732,-0.197183643
01/01/1976,-1.887217416,8.885123519
01/02/1976,-1.842185387,4.511615749
01/03/1976,-1.214531884,1.970784291
01/04/1976,3.651219794,-4.391035085
01/05/1976,4.42618514,-6.519723923
01/06/1976,1.336996255,-0.194534258
01/07/1976,0.919248193,-1.296897323
01/08/1976,1.537217148,-3.103660875
01/09/1976,1.824724521,-1.07581424
01/10/1976,2.565374366,-4.939196863
01/11/1976,1.429924087,0.004222468
01/12/1976,1.361656245,3.137882207
01/01/1977,1.09336504,-0.524033665
01/02/1977,-0.287182169,0.357696328
01/03/1977,1.107174795,-0.651293042
01/04/1977,2.792821534,-2.028396268
01/05/1977,-0.23684107,-0.003933214
01/06/1977,0.432901455,1.824491749
01/07/1977,0.331282103,-0.204257831
01/08/1977,-3.369384911,2.919462544
01/09/1977,0.665007149,-0.274943762
01/10/1977,-0.168506466,-0.549044339
01/11/1977,-0.767977329,3.993240184
01/12/1977,-0.692709161,1.480123724
01/01/1978,-0.29389953,-0.799650806
01/02/1978,-1.78326615,2.906499405
01/03/1978,-1.870047137,5.304549442
01/04/1978,-1.811516204,5.681928577
01/05/1978,-0.340998537,1.888576178
01/06/1978,2.140279703,-2.09486384
01/07/1978,-0.940483013,3.090242165
01/08/1978,-5.515433841,9.50386858
01/09/1978,-0.838832176,0.914770024
01/10/1978,0.998142415,-8.806438007
01/11/1978,-1.106348673,2.813213048
01/12/1978,-1.429540039,1.475669116
01/01/1979,1.134094766,4.392511339
01/02/1979,3.043168663,-5.043708415
01/03/1979,-0.653517708,3.924376575
01/04/1979,1.093889833,-0.054945872
01/05/1979,-0.605947265,-0.642991119
01/06/1979,2.383132388,-0.356726453
01/07/1979,4.656798681,-3.092476758
01/08/1979,2.006521102,1.368076149
01/09/1979,-2.650211372,1.330461535
01/10/1979,-4.2898251,-0.844635005
01/11/1979,1.888792869,-0.578543095
01/12/1979,0.468013218,2.48204689
01/01/1980,-1.188570449,3.363731505
01/02/1980,-1.748560238,0.724896625
01/03/1980,-2.310309406,-5.767878085
01/04/1980,5.730085392,-4.13513727
01/05/1980,3.787131348,-0.334477711
01/06/1980,5.872670918,-2.214371694
01/07/1980,-1.248019619,3.257226863
01/08/1980,-3.149723961,5.756857223
01/09/1980,-2.268410647,4.596378056
01/10/1980,-1.198843728,2.056289731
01/11/1980,-3.277059893,4.570400865
01/12/1980,0.336760439,-2.925251622
01/01/1981,5.524632404,-5.988913142
01/02/1981,3.429216923,-3.639481978
01/03/1981,3.017308964,0.984646131
01/04/1981,1.451016669,-0.699485697
01/05/1981,-0.414204884,0.85645603
01/06/1981,5.994474439,-6.567747034
01/07/1981,-0.905693655,-0.306722102
01/08/1981,0.442190573,-8.828467101
01/09/1981,0.804049692,-5.949461507
01/10/1981,1.003101667,3.108139019
01/11/1981,3.786296304,-3.467573871
01/12/1981,-0.267183624,-1.572483722
01/01/1982,0.408329272,-1.383750763
01/02/1982,2.255093752,-3.884602426
01/03/1982,3.84970996,-4.980940577
01/04/1982,2.379655249,0.038647851
01/05/1982,0.91458556,-4.594079976
01/06/1982,3.008270314,-5.566361083
01/07/1982,1.246716496,-2.236946599
01/08/1982,2.761136493,0.122159252
01/09/1982,4.220407945,-2.390914671
01/10/1982,3.144160136,1.261976281
01/11/1982,1.818477139,0.02375599
01/12/1982,-0.281208789,0.884987488
01/01/1983,-2.330197181,4.309529151
01/02/1983,1.90683962,-0.231158084
01/03/1983,3.944490632,-2.343484466
01/04/1983,4.308318064,-0.934135647
01/05/1983,-3.72323744,8.494621422
01/06/1983,0.209578294,1.408187898
01/07/1983,1.112334121,-2.142296396
01/08/1983,1.80058387,-5.394358573
01/09/1983,9.068797557,-8.954838836
01/10/1983,4.610226221,-9.412592325
01/11/1983,0.878965058,0.631734512
01/12/1983,1.471544178,-3.991402013
01/01/1984,0.348051342,-0.549404275
01/02/1984,-2.218173554,-0.002894069
01/03/1984,0.565544021,-0.326190658
01/04/1984,0.933412545,-4.593994393
01/05/1984,-1.832493378,-1.732769013
01/06/1984,2.742795777,-2.067179587
01/07/1984,0.99733982,-3.586828117
01/08/1984,2.900810584,2.842262161
01/09/1984,4.150155926,-4.606301939
01/10/1984,3.739937004,-4.83687281
01/11/1984,2.956795161,-6.8204638
01/12/1984,4.26057833,-3.820851653
01/01/1985,0.538367374,1.705753584
01/02/1985,1.468647838,1.035620029
01/03/1985,2.524290038,-2.984734401
01/04/1985,0.371707875,-1.47442395
01/05/1985,4.177564756,-2.963691299
01/06/1985,5.109362191,-4.280759516
01/07/1985,-2.238816339,2.9960639
01/08/1985,1.890568204,-2.267435922
01/09/1985,-0.028611662,-7.197855849
01/10/1985,2.491836125,-2.236502957
01/11/1985,3.225779089,0.285892165
01/12/1985,2.387155467,-0.969523006
01/01/1986,-0.491848068,1.55191603
01/02/1986,2.517611385,0.029672821
01/03/1986,0.673356553,0.651632523
01/04/1986,-0.755741817,1.024432542
01/05/1986,1.551679092,0.24855554
01/06/1986,5.183009378,-3.89076896
01/07/1986,-0.651240042,-1.742489263
01/08/1986,2.457401454,-2.116518057
01/09/1986,-0.950301207,-1.735980083
01/10/1986,-0.861005529,1.97789916
01/11/1986,-1.396255606,1.084908082
01/12/1986,-0.053813172,-0.874741844
01/01/1987,2.300820224,0.761686261
01/02/1987,0.181869793,1.425455815
01/03/1987,-0.153101386,0.91317016
01/04/1987,-2.699493613,1.472057623
01/05/1987,-0.373393343,0.353754945
01/06/1987,3.92811996,-2.604427864
01/07/1987,2.991130682,-2.319286418
01/08/1987,1.99177661,-1.319647707
01/09/1987,-3.873804437,2.381210162
01/10/1987,-2.623286157,-2.334203947
01/11/1987,-0.821110554,-0.818969677
01/12/1987,0.037123389,0.62613666
01/01/1988,0.530182394,1.036391827
01/02/1988,-0.547488593,3.008051936
01/03/1988,-0.221057785,1.79062987
01/04/1988,-0.150513336,0.72986208
01/05/1988,0.898163569,-1.939982582
01/06/1988,-0.855697933,4.529145464
01/07/1988,0.033991256,-0.298121757
01/08/1988,-0.337294747,-2.403803301
01/09/1988,0.132362699,0.578930981
01/10/1988,1.008937931,-2.527439828
01/11/1988,-0.971268741,-2.595848915
01/12/1988,-0.477517247,1.27625027
01/01/1989,1.7794165,1.684472359
01/02/1989,0.798592078,-0.763169055
01/03/1989,1.784691368,-1.428641735
01/04/1989,-0.240451299,1.572430735
01/05/1989,-0.135780288,0.824162916
01/06/1989,2.543000239,-4.078273993
01/07/1989,1.566588619,-0.867994372
01/08/1989,0.358855846,0.296415354
01/09/1989,-1.369973704,0.809247098
01/10/1989,-0.365223566,-1.721809549
01/11/1989,3.238526469,-3.80917929
01/12/1989,0.880226999,-1.518745555
01/01/1990,-1.157943778,-1.238424375
01/02/1990,2.195565374,-1.505807372
01/03/1990,-1.719612168,2.739683797
01/04/1990,-2.811297868,2.028836531
01/05/1990,0.055351592,0.843552778
01/06/1990,0.295546716,-0.238369714
01/07/1990,0.942420091,-1.820364937
01/08/1990,1.277370687,-4.295626009
01/09/1990,0.466859688,-2.420602943
01/10/1990,-1.018540229,-0.767627046
01/11/1990,-1.027881918,1.821808502
01/12/1990,0.24723517,-0.372861225
01/01/1991,-2.064681343,3.615734952
01/02/1991,0.649591599,2.198836081
01/03/1991,-3.617570212,6.141922592
01/04/1991,-0.749044175,1.230099292
01/05/1991,-1.006267233,1.424919282
01/06/1991,0.755575281,-2.108288931
01/07/1991,1.650616472,-0.674457646
01/08/1991,-0.094919064,0.496315561
01/09/1991,-0.667410341,0.718228646
01/10/1991,-1.113495192,1.355595051
01/11/1991,1.297605988,-2.626697038
01/12/1991,0.368730733,0.728808634
01/01/1992,-1.079568443,3.360765536
01/02/1992,0.744656979,0.200104811
01/03/1992,1.647126797,-2.148412491
01/04/1992,0.237533716,-1.050841532
01/05/1992,3.149090334,-3.911018638
01/06/1992,0.522520574,-2.543626153
01/07/1992,1.159757614,-0.621794936
01/08/1992,4.176766497,-6.045629456
01/09/1992,1.773803461,-1.39057405
01/10/1992,-3.108639445,3.632512968
01/11/1992,0.121923083,2.548234796
01/12/1992,0.00879236,1.346687648
01/01/1993,0.775916066,0.76861599
01/02/1993,2.929576809,-3.458174419
01/03/1993,1.722954055,-0.981816293
01/04/1993,0.177674299,-0.964097976
01/05/1993,1.485134837,0.238564243
01/06/1993,0.941450308,-0.662519523
01/07/1993,2.010904587,-1.590088592
01/08/1993,-0.930315389,3.25482766
01/09/1993,-0.945079525,1.779684885
01/10/1993,0.38090778,0.6934123
01/11/1993,-0.89378159,0.274805587
01/12/1993,1.15439384,-0.513010067
01/01/1994,2.342006678,-0.724110666
01/02/1994,-0.127706748,-0.650670816
01/03/1994,-1.260727553,-2.249300784
01/04/1994,5.054303577,-6.731061006
01/05/1994,0.51047224,-1.040087319
01/06/1994,1.915571782,-4.689135811
01/07/1994,1.157187645,-0.242523579
01/08/1994,0.097225193,1.709808831
01/09/1994,0.596521752,-0.447950192
01/10/1994,-1.143071474,0.632023912
01/11/1994,-3.351822009,0.788520191
01/12/1994,-1.283898343,0.647339362
01/01/1995,0.929469185,0.314097774
01/02/1995,2.08889642,-0.775149198
01/03/1995,1.957740668,-1.234964253
01/04/1995,1.834869656,0.323294524
01/05/1995,2.091276082,-1.139809045
01/06/1995,-2.671038434,4.06171308
01/07/1995,-2.853000031,6.180159501
01/08/1995,0.031430837,0.714121075
01/09/1995,1.213533929,0.406111344
01/10/1995,-1.604439612,-2.846615426
01/11/1995,0.240255932,0.269252943
01/12/1995,-0.812101385,0.933729808
01/01/1996,0.114373476,0.883181859
01/02/1996,0.35968707,1.084849743
01/03/1996,1.910003681,-0.224894951
01/04/1996,0.649563182,0.688142958
01/05/1996,1.383787814,1.790526446
01/06/1996,0.164732867,-1.389752229
01/07/1996,-1.833446823,-2.782490999
01/08/1996,2.196955807,2.4631456
01/09/1996,-0.557906325,2.25173294
01/10/1996,0.77951531,-2.346915623
01/11/1996,2.03640871,-0.371766766
01/12/1996,-0.566266384,-0.147321017
01/01/1997,0.929029128,1.917477578
01/02/1997,1.942360643,-2.381451651
01/03/1997,2.822924841,-9.377130103
01/04/1997,0.407157413,-1.548512788
01/05/1997,2.070803756,2.319142625
01/06/1997,4.952369256,-1.715463088
01/07/1997,0.992134158,0.498261723
01/08/1997,-1.325465961,2.977860959
01/09/1997,3.220549486,0.814656195
01/10/1997,1.21092635,-2.934475161
01/11/1997,1.251194281,-3.69308816
01/12/1997,1.692947122,-3.452434217
01/01/1998,-0.659378937,0.952109709
01/02/1998,1.982428886,0.964265809
01/03/1998,5.352969709,-1.521261464
01/04/1998,-0.180780619,1.121097252
01/05/1998,0.409602949,-2.476536488
01/06/1998,-0.080286848,-2.387496946
01/07/1998,-0.719818903,-1.012235962
01/08/1998,-3.516867731,-2.718658765
01/09/1998,-0.949995389,1.504412522
01/10/1998,0.068711911,1.408563238
01/11/1998,-0.675261687,2.116853828
01/12/1998,-0.639816737,1.343440174
01/01/1999,-4.035003043,5.501851108
01/02/1999,-0.026295689,-3.040449214
01/03/1999,0.242689101,-0.595467656
01/04/1999,1.496428359,1.020919639
01/05/1999,0.700922363,0.889384115
01/06/1999,-2.891948417,4.09635551
01/07/1999,-2.020479611,2.255771302
01/08/1999,-1.803132326,0.723473656
01/09/1999,-4.61430393,3.124419625
01/10/1999,-1.812376677,0.922051562
01/11/1999,-4.297098114,4.825131085
01/12/1999,-3.917481995,4.750734963
01/01/2000,-1.809988823,2.577093049
01/02/2000,-2.81567642,3.692863229
01/03/2000,3.080451868,-2.136317278
01/04/2000,3.083917803,-5.012223475
01/05/2000,5.013143859,-9.426031899
01/06/2000,-3.431419368,4.814414891
01/07/2000,6.345434542,-8.542591077
01/08/2000,0.501259676,0.816250305
01/09/2000,3.003333718,-4.63128366
01/10/2000,2.040144114,-4.985388689
01/11/2000,6.519670234,-15.65717276
01/12/2000,3.982775527,-4.678959043
01/01/2001,-1.642043342,6.79818339
01/02/2001,5.481217481,-8.708379837
01/03/2001,3.002957073,-5.411573645
01/04/2001,1.268654784,2.818412674
01/05/2001,2.931589379,0.197860807
01/06/2001,-1.369725532,1.353839034
01/07/2001,0.385795691,-1.675605155
01/08/2001,2.035601415,-6.35267296
01/09/2001,-3.562546076,-3.988176198
01/10/2001,-0.175404297,1.4274972
01/11/2001,-1.540570148,7.23886921
01/12/2001,2.420560798,1.750085953
01/01/2002,0.951784716,0.134314161
01/02/2002,3.321999698,-4.870810844
01/03/2002,2.883226441,0.639344269
01/04/2002,3.673866499,-3.423861053
01/05/2002,1.851252473,-6.156570333
01/06/2002,-0.038283342,-5.339408358
01/07/2002,-4.52226244,-0.710365015
01/08/2002,2.093658679,-2.318848713
01/09/2002,-3.91694907,-3.533712549
01/10/2002,-3.80603704,7.352590834
01/11/2002,-3.642940556,11.10776701
01/12/2002,4.607718021,-11.10797246
01/01/2003,-3.508548427,3.297251997
01/02/2003,-0.376167864,-1.781274606
01/03/2003,-0.248234384,0.964383247
01/04/2003,5.073209065,3.029914141
01/05/2003,2.142669738,2.559355679
01/06/2003,1.858734989,2.622209832
01/07/2003,-0.15355448,5.148297867
01/08/2003,2.819631046,3.039236182
01/09/2003,1.748304522,1.193150051
01/10/2003,6.269969781,3.507968047
01/11/2003,2.997427323,0.164036759
01/12/2003,2.733617323,-1.645977149
01/01/2004,0.061660123,5.091161746
01/02/2004,2.816164004,-2.81735042
01/03/2004,2.701148278,-2.789833829
01/04/2004,1.140031356,-3.979273133
01/05/2004,0.205319386,-0.013118845
01/06/2004,4.331461388,-2.487403954
01/07/2004,2.090286046,-11.83793087
01/08/2004,-0.042167545,-2.433694932
01/09/2004,3.029778059,0.354703036
01/10/2004,1.385031824,0.107913173
01/11/2004,4.355247094,0.022678887
01/12/2004,2.235850436,3.450489267
01/01/2005,3.495907621,-12.03882875
01/02/2005,3.029287647,-2.574621023
01/03/2005,-0.523239596,-3.683832536
01/04/2005,-2.173967099,-2.827607231
01/05/2005,3.674584598,1.4177769
01/06/2005,4.762146087,-2.103881328
01/07/2005,1.867560394,0.708008973
01/08/2005,-0.715756207,-0.432761779
01/09/2005,0.263371635,-0.291386504
01/10/2005,-2.342541175,-1.05236536
01/11/2005,0.850546842,2.474913934
01/12/2005,1.069248021,-0.335277436
01/01/2006,1.614495166,1.69180018
01/02/2006,-0.141839155,0.115842459
01/03/2006,2.021405574,2.937208501
01/04/2006,2.066720167,-0.718287139
01/05/2006,-0.754488955,-4.754846572
01/06/2006,1.300225985,-2.991876481
01/07/2006,-0.922406387,-3.045807162
01/08/2006,0.503713566,0.158983965
01/09/2006,0.13636964,-0.15292895
01/10/2006,2.601228323,0.339661842
01/11/2006,2.756449957,-0.591521248
01/12/2006,1.879092899,-1.369951463
01/01/2007,2.224089839,-0.080373346
01/02/2007,0.109005334,0.594653925
01/03/2007,1.005272274,-0.831257573
01/04/2007,0.824310243,0.651910995
01/05/2007,1.407070118,0.393716321
01/06/2007,-1.945721717,0.944876039
01/07/2007,-3.299711907,0.404347771
01/08/2007,-0.711177039,-0.964964838
01/09/2007,-0.021615075,1.13598068
01/10/2007,0.143250155,0.810184499
01/11/2007,-3.261833607,-2.94250676
01/12/2007,-0.814627366,0.348357242
01/01/2008,-0.963766299,-0.467891867
01/02/2008,-0.995391114,0.4958218
01/03/2008,1.16380309,-2.788892821
01/04/2008,-0.91552363,1.899127869
01/05/2008,-1.728282931,2.376683041
01/06/2008,-4.51568943,1.292918979
01/07/2008,0.923944576,-1.135801865
01/08/2008,2.375685814,-1.805222113
01/09/2008,1.502046603,-6.660230012
01/10/2008,-1.747795549,-2.742146932
01/11/2008,-1.442264229,-3.148682819
01/12/2008,0.969144381,0.382477144
01/01/2009,-1.925980435,0.576688837
01/02/2009,-3.346082483,-1.213844836
01/03/2009,1.259426317,2.564630142
01/04/2009,-0.891153286,6.565991208
01/05/2009,1.358605177,0.60390882
01/06/2009,0.156764417,0.134247865
01/07/2009,-0.959198071,3.331853175
01/08/2009,-0.000226257,2.621776953
01/09/2009,0.435924737,2.181375136
01/10/2009,-1.473391359,-0.909589333
01/11/2009,-2.545490207,4.428045031
01/12/2009,0.720427991,2.908474146
01/01/2010,-0.122194113,-0.584824567
01/02/2010,0.024943358,1.801363045
01/03/2010,1.983028316,-0.376410355
01/04/2010,-0.507640163,3.162263321
01/05/2010,-1.641567316,-3.683683044
01/06/2010,2.520021305,-5.532071656
01/07/2010,1.33742667,1.048889144
01/08/2010,-1.497271974,-1.902059292
01/09/2010,1.965077486,3.234619795
01/10/2010,0.321104638,1.847024706
01/11/2010,-1.98716114,2.358424245
01/12/2010,0.352240723,2.520919508
01/01/2011,-0.959208395,1.509389243
01/02/2011,1.972460159,0.130237033
01/03/2011,1.276477819,-1.026856679
01/04/2011,3.075168971,-2.547310223
01/05/2011,3.014944002,-4.272444883
01/06/2011,-0.800403139,-0.728947305
01/07/2011,0.018259104,-1.802477158
01/08/2011,-3.78E-06,-4.456695267
01/09/2011,1.394576803,-4.449812359
01/10/2011,-0.535633432,2.719002041
01/11/2011,0.90952043,-1.821265081
01/12/2011,1.732987571,-1.751717062
01/01/2012,-0.335296155,3.315960585
01/02/2012,2.064275476,-0.575710592
01/03/2012,2.710999921,-1.538627089
01/04/2012,4.206105958,-4.558201493
01/05/2012,1.032056666,-2.78684395
01/06/2012,1.440332652,-0.267504175
01/07/2012,3.357475775,-4.681371279
01/08/2012,0.471211602,0.633516127
01/09/2012,0.289698948,2.652289065
01/10/2012,-2.996435177,2.383300182
01/11/2012,-0.4047147,0.676875337
01/12/2012,-1.203636885,3.050868215
01/01/2013,2.986594034,0.823560763
01/02/2013,3.409112893,-2.444567576
01/03/2013,5.885581727,-1.863701705
01/04/2013,3.362967809,-3.059860019
01/05/2013,-0.709165714,3.023157142
01/06/2013,2.743460443,-2.555767704
01/07/2013,1.562315978,1.120731608
01/08/2013,-1.227210164,0.522303135
01/09/2013,3.459401355,-0.275373999
01/10/2013,2.805191635,-0.086331005
01/11/2013,0.967633219,0.603273029
01/12/2013,-0.528906484,3.549419555
01/01/2014,0.874526086,-1.949061164
01/02/2014,0.067103615,1.934391846
01/03/2014,2.696847411,-2.315814418
01/04/2014,-1.776880286,0.414418691
01/05/2014,2.819217569,-2.421818332
01/06/2014,1.670409827,2.305013379
01/07/2014,-2.616679935,0.724401609
01/08/2014,2.202121658,0.338124724
01/09/2014,2.302905557,-4.125426124
01/10/2014,3.891322216,-2.93080634
01/11/2014,2.998204147,-2.747885176
01/12/2014,2.278460357,-1.956078945
01/01/2015,3.043638598,-4.50810904
01/02/2015,-4.69193774,10.48791619
01/03/2015,1.634398975,-1.631338619
01/04/2015,-1.041489032,1.206400609
01/05/2015,3.189502048,-2.776978793
01/06/2015,1.812392562,-2.008077565
01/07/2015,3.651007022,-4.180946952
01/08/2015,-2.200989468,1.728961054
01/09/2015,3.864678887,-7.468242592
01/10/2015,1.194396724,0.553700828
01/11/2015,-0.805329163,1.100619159
01/12/2015,1.899431393,-4.853081399
01/01/2016,0.327639505,-2.649394529
01/02/2016,1.161134409,-0.389309177
01/03/2016,-0.656157027,4.271397136
01/04/2016,-3.761875357,4.783985218
01/05/2016,1.825691077,-2.156734772
01/06/2016,1.792641444,-1.591269287
01/07/2016,0.787438897,1.718906401
01/08/2016,0.124737045,1.001769698
01/09/2016,-0.885760202,1.713225902
01/10/2016,-0.015687445,-2.47532142
01/11/2016,0.807047975,0.722306558
01/12/2016,0.741202067,-0.086999804
01/01/2017,-1.222384305,2.263690015
01/02/2017,1.761977943,-1.28146087
01/03/2017,1.979413699,-1.665250191
01/04/2017,0.302662069,-0.332584229
01/05/2017,0.948858916,-1.625604895
01/06/2017,-1.094132431,3.080657498
01/07/2017,0.906649861,-1.286557824
01/08/2017,-0.002763204,-1.576351954
01/09/2017,-3.270842007,9.979230359
01/10/2017,-0.336009682,0.255218618
01/11/2017,2.999257118,0.405427428
01/12/2017,1.231805059,-0.516827428
01/01/2018,1.088763845,0.457324735
01/02/2018,-3.071058357,-1.769128338
01/03/2018,0.057946331,0.173985823
01/04/2018,-1.110801648,1.245523352
01/05/2018,0.729716351,2.309089155
01/06/2018,2.503256006,-1.926021676
01/07/2018,-0.654074041,1.183727719
01/08/2018,2.95780073,-2.043229122
01/09/2018,-0.068925236,-0.421739217
01/10/2018,1.205278739,-6.005244075
01/11/2018,-1.206609871,0.999382526
01/12/2018,-3.441358934,-3.220422722
01/01/2019,3.299302698,4.789353746
01/02/2019,0.741837847,1.305655282
01/03/2019,0.713024377,-1.635488293
01/04/2019,1.311420316,0.278900092
01/05/2019,-0.151951748,-3.272438853
01/06/2019,0.674835994,2.375223175
01/07/2019,-0.28664445,-0.403336536
01/08/2019,0.39000743,-2.859073025
01/09/2019,-1.197835821,2.551241224
01/10/2019,-0.42728443,0.287166087
01/11/2019,0.55638452,0.078785757
01/12/2019,-1.438863127,3.239742421
01/01/2020,-0.233300748,-1.225061464
01/02/2020,-3.221486163,-1.619808816
01/03/2020,-1.511197982,-2.800821312
01/04/2020,-0.911062838,3.32775439
01/05/2020,0.28038181,0.845355363
01/06/2020,-0.858223855,2.357933454
01/07/2020,2.733088563,-0.817247872
01/08/2020,0.663079658,0.970621995
01/09/2020,-0.15571193,-0.459008073
01/10/2020,2.664959409,-1.902240179
01/11/2020,0.784219277,6.457657497
01/12/2020,1.733159588,2.073274824
01/01/2021,-1.351957888,3.969948296
01/02/2021,-1.154546497,3.959867656
01/03/2021,7.002084201,-3.586152722
01/04/2021,3.604983815,-1.593939549
01/05/2021,-1.583576872,2.669880871
01/06/2021,-0.920841967,1.293046064
01/07/2021,3.741797703,-5.429227741
01/08/2021,0.358125545,0.161762641
01/09/2021,-2.634735457,1.76074182
01/10/2021,0.432353709,1.112927472
01/11/2021,-1.523680229,-0.60271032
01/12/2021,4.809598462,-3.219589129
01/01/2022,-1.266064727,-0.022825878
01/02/2022,-4.044528713,3.3805266
01/03/2022,0.39140498,0.369550215
01/04/2022,-0.455250652,-1.481724653
01/05/2022,-0.767568112,0.367352628
01/06/2022,-1.202594129,-3.315199423
01/07/2022,-0.416490917,3.760580079
01/08/2022,-2.067154524,1.176585031
01/09/2022,-4.380005574,-0.995989491
01/10/2022,0.258476123,2.308148172
01/11/2022,-0.269704464,1.10089396
01/12/2022,-0.936125757,-1.946034475
01/01/2023,0.492491128,1.645550778
01/02/2023,-1.069378704,-0.620555622
01/03/2023,-1.674863833,-0.603014779
01/04/2023,0.533624978,-1.983794868
01/05/2023,-2.950650863,1.397557007
01/06/2023,-0.322991322,2.640861735
01/07/2023,0.578009084,0.948500309
01/08/2023,-0.887964691,-1.458040505
01/09/2023,-1.801057947,-1.309240512
